Plot,Row,Col,Asseccion,dtf,Block,Trt
4002,3,31,PI 533810,75,4,NN
4003,4,31,PI 533852,62,4,NN
4008,9,31,PI 533910,71,4,NN
4009,10,31,PI 533842,81,4,NN
4010,11,31,PI 533799,76,4,NN
4011,12,31,PI 533902,79,4,NN
4015,3,30,PI 533810,86,4,NN
4016,4,30,PI 533852,76,4,NN
4018,6,30,PI 533766,65,4,NN
4019,7,30,PI 533911,65,4,NN
4020,8,30,PI 533814,69,4,NN
4022,10,30,PI 533901,71,4,NN
4023,11,30,PI 533807,75,4,NN
4024,12,30,PI 533919,76,4,NN
4025,13,30,PI 533878,62,4,NN
4026,14,30,PI 533776,65,4,NN
4027,2,29,PI 533794,63,4,NN
4029,4,29,PI 533936,63,4,NN
4030,5,29,PI 533785,62,4,NN
4032,7,29,PI 533752,63,4,NN
4033,8,29,TX430,63,4,NN
4035,10,29,PI 533838,53,4,NN
4038,13,29,PI 533761,65,4,NN
4039,14,29,PI 533938,NA,4,NN
4041,3,28,PI 329435,66,4,NN
4042,4,28,PI 533863,63,4,NN
4043,5,28,PI 533845,63,4,NN
4044,6,28,PI 533921,63,4,NN
4046,8,28,PI 533876,79,4,NN
4047,9,28,PI 276837,63,4,NN
4048,10,28,PI 533759,65,4,NN
4049,11,28,PI 533937,61,4,NN
4050,12,28,PI 533913,63,4,NN
4051,13,28,PI 533915,62,4,NN
4052,14,28,PI 533757,64,4,NN
4053,2,27,PI 533997,62,4,NN
4054,3,27,PI 533954,60,4,NN
4055,4,27,PI 534101,66,4,NN
4056,5,27,PI 533800,73,4,NN
4057,6,27,PI 533912,52,4,NN
4058,7,27,PI 533821,66,4,NN
4059,8,27,PI 533750,62,4,NN
4060,9,27,PI 534114,72,4,NN
4063,12,27,PI 534054,69,4,NN
4066,2,26,PI 533979,57,4,NN
4067,3,26,PI 533998,65,4,NN
4068,4,26,PI 534128,69,4,NN
4069,5,26,PI 533833,59,4,NN
4070,6,26,PI 329440,63,4,NN
4071,7,26,PI 533755,69,4,NN
4073,9,26,PI 534124,62,4,NN
4074,10,26,PI 533976,66,4,NN
4075,11,26,PI 534063,57,4,NN
4076,12,26,PI 534047,53,4,NN
4077,13,26,PI 533924,NA,4,NN
4078,14,26,PI 533824,NA,4,NN
4080,3,25,PI 533967,75,4,NN
4082,5,25,PI 533965,71,4,NN
4085,8,25,PI 533955,62,4,NN
4086,9,25,PI 533991,69,4,NN
4087,10,25,PI 533943,65,4,NN
4088,11,25,PI 533940,62,4,NN
4089,12,25,PI 534132,66,4,NN
4090,13,25,PI 534116,76,4,NN
4091,14,25,PI 533956,63,4,NN
4092,2,24,PI 534123,67,4,NN
4093,3,24,PI 534097,62,4,NN
4094,4,24,PI 533948,64,4,NN
4095,5,24,PI 534137,68,4,NN
4096,6,24,PI 533980,73,4,NN
4097,7,24,PI 534127,71,4,NN
4098,8,24,PI 534053,73,4,NN
4099,9,24,PI 533989,73,4,NN
4100,10,24,PI 534135,84,4,NN
4101,11,24,PI 533972,76,4,NN
4103,13,24,PI 534021,62,4,NN
4104,14,24,PI 533985,63,4,NN
4105,2,23,PI 533986,62,4,NN
4106,3,23,PI 534009,76,4,NN
4107,4,23,PI 534105,63,4,NN
4108,5,23,PI 534117,57,4,NN
4109,6,23,PI 534139,57,4,NN
4110,7,23,PI 534112,65,4,NN
4111,8,23,PI 534037,57,4,NN
4112,9,23,PI 533970,NA,4,NN
4113,10,23,PI 534138,66,4,NN
4114,11,23,PI 534104,63,4,NN
4115,12,23,PI 534144,67,4,NN
4116,13,23,PI 533987,58,4,NN
4117,14,23,PI 533996,59,4,NN
4118,2,22,PI 534157,81,4,NN
4119,3,22,PI 564165,76,4,NN
4121,5,22,PI 534046,59,4,NN
4122,6,22,PI 534099,65,4,NN
4123,7,22,PI 534115,65,4,NN
4124,8,22,PI 533957,NA,4,NN
4126,10,22,PI 576348,69,4,NN
4127,11,22,PI 548797,69,4,NN
4128,12,22,PI 576399,62,4,NN
4129,13,22,PI 534108,62,4,NN
4130,14,22,PI 534070,52,4,NN
4131,2,21,PI 576393,56,4,NN
4132,3,21,PI 564164,72,4,NN
4133,4,21,PI 576375,66,4,NN
4134,5,21,PI 533949,62,4,NN
4135,6,21,PI 533964,69,4,NN
4136,7,21,PI 533961,62,4,NN
4138,9,21,PI 576345,NA,4,NN
4139,10,21,PI 595699,67,4,NN
4140,11,21,PI 561073,78,4,NN
4141,12,21,PI 534163,78,4,NN
4142,13,21,PI 533962,69,4,NN
4143,14,21,PI 534133,73,4,NN
4144,2,20,PI 534148,71,4,NN
4145,3,20,PI 576364,59,4,NN
4147,5,20,PI 576337,62,4,NN
4148,6,20,PI 534145,56,4,NN
4149,7,20,PI 542718,61,4,NN
4150,8,20,PI 552861,NA,4,NN
4151,9,20,PI 561472,NA,4,NN
4152,10,20,PI 576380,73,4,NN
4154,12,20,PI 576396,69,4,NN
4156,14,20,PI 585295,78,4,NN
4158,3,19,PI 576422,66,4,NN
4159,4,19,PI 564163,68,4,NN
4160,5,19,PI 595702,62,4,NN
4161,6,19,PI 576394,61,4,NN
4162,7,19,PI 534155,69,4,NN
4163,8,19,PI 576390,57,4,NN
4164,9,19,PI 576426,67,4,NN
4165,10,19,PI 576359,69,4,NN
4166,11,19,PI 576437,62,4,NN
4167,12,19,PI 576350,57,4,NN
4168,13,19,PI 576418,65,4,NN
4169,14,19,PI 576130,71,4,NN
4170,2,18,PI 576387,67,4,NN
4171,3,18,PI 574455,76,4,NN
4172,4,18,PI 576381,71,4,NN
4173,5,18,PI 576401,81,4,NN
4174,6,18,PI 576333,69,4,NN
4175,7,18,PI 576373,65,4,NN
4176,8,18,PI 576366,NA,4,NN
4177,9,18,PI 576435,67,4,NN
4178,10,18,PI 576385,57,4,NN
4179,11,18,PI 595718,60,4,NN
4180,12,18,PI 576339,61,4,NN
4181,13,18,PI 595714,67,4,NN
4182,14,18,PI 576386,76,4,NN
4183,2,17,PI 595739,67,4,NN
4184,3,17,PI 597949,79,4,NN
4185,4,17,PI 655995,69,4,NN
4186,5,17,PI 576340,70,4,NN
4187,6,17,PI 576428,69,4,NN
4188,7,17,TX430,66,4,NN
4191,10,17,PI 655997,65,4,NN
4193,12,17,PI 597952,69,4,NN
4194,13,17,PI 561072,73,4,NN
4195,14,17,PI 565121,71,4,NN
4197,3,16,PI 655973,62,4,NN
4198,4,16,PI 595744,60,4,NN
4199,5,16,PI 576347,53,4,NN
4200,6,16,PI 576349,63,4,NN
4201,7,16,PI 576352,60,4,NN
4202,8,16,PI 576425,65,4,NN
4204,10,16,PI 595743,76,4,NN
4205,11,16,PI 655970,73,4,NN
4206,12,16,PI 597973,72,4,NN
4207,13,16,PI 542406,83,4,NN
4208,14,16,PI 576376,63,4,NN
4209,2,15,PI 597958,63,4,NN
4210,3,15,PI 595720,60,4,NN
4211,4,15,PI 609456,98,4,NN
4212,5,15,PI 597982,56,4,NN
4213,6,15,PI 642793,65,4,NN
4214,7,15,PI 655994,62,4,NN
4215,8,15,PI 597980,57,4,NN
4216,9,15,PI 601816,75,4,NN
4217,10,15,PI 655978,65,4,NN
4218,11,15,PI 655972,66,4,NN
4219,12,15,PI 597968,62,4,NN
4220,13,15,PI 597971,62,4,NN
4221,14,15,PI 655977,66,4,NN
4222,2,14,PI 598069,98,4,NN
4223,3,14,PI 597964,71,4,NN
4224,4,14,PI 597950,58,4,NN
4225,5,14,PI 655974,65,4,NN
4226,6,14,PI 597951,62,4,NN
4229,9,14,PI 597960,67,4,NN
4230,10,14,PI 629059,65,4,NN
4231,11,14,PI 642791,76,4,NN
4233,13,14,PI 641849,53,4,NN
4234,14,14,PI 641874,62,4,NN
4235,2,13,PI 595740,75,4,NN
4236,3,13,PI 595745,65,4,NN
4238,5,13,PI 655993,69,4,NN
4239,6,13,PI 655976,69,4,NN
4240,7,13,PI 651496,100,4,NN
4241,8,13,PI 655979,67,4,NN
4242,9,13,PI 607931,72,4,NN
4246,13,13,PI 642998,66,4,NN
4247,14,13,PI 597961,62,4,NN
4248,2,12,PI 656022,63,4,NN
4249,3,12,PI 656043,71,4,NN
4251,5,12,PI 597976,57,4,NN
4253,7,12,PI 597957,63,4,NN
4254,8,12,PI 655971,57,4,NN
4255,9,12,PI 656024,NA,4,NN
4258,12,12,PI 656052,NA,4,NN
4259,13,12,PI 655996,61,4,NN
4260,14,12,PI 597965,62,4,NN
4261,2,11,PI 656050,63,4,NN
4262,3,11,PI 656032,81,4,NN
4263,4,11,PI 656014,70,4,NN
4264,5,11,PI 597946,56,4,NN
4265,6,11,PI 655975,69,4,NN
4266,7,11,PI 595741,65,4,NN
4267,8,11,PI 655981,67,4,NN
4268,9,11,PI 656000,NA,4,NN
4269,10,11,PI 656031,67,4,NN
4270,11,11,PI 656026,76,4,NN
4271,12,11,PI 656016,76,4,NN
4272,13,11,PI 597967,66,4,NN
4273,14,11,PI 655992,59,4,NN
4274,2,10,PI 656027,75,4,NN
4275,3,10,PI 655998,62,4,NN
4276,4,10,PI 656020,63,4,NN
4277,5,10,PI 656059,73,4,NN
4278,6,10,PI 656056,75,4,NN
4279,7,10,PI 656011,81,4,NN
4282,10,10,PI 656023,73,4,NN
4284,12,10,PI 656018,76,4,NN
4285,13,10,PI 656051,82,4,NN
4286,14,10,PI 656017,102,4,NN
4287,2,9,PI 656030,50,4,NN
4288,3,9,PI 656039,71,4,NN
4289,4,9,PI 656028,73,4,NN
4290,5,9,PI 656048,71,4,NN
4291,6,9,PI 656010,67,4,NN
4292,7,9,PI 656053,67,4,NN
4293,8,9,PI 656055,63,4,NN
4294,9,9,PI 656019,57,4,NN
4295,10,9,PI 656061,71,4,NN
4296,11,9,PI 656001,69,4,NN
4297,12,9,PI 656007,65,4,NN
4298,13,9,PI 656037,67,4,NN
4299,14,9,PI 656042,64,4,NN
4300,2,8,PI 656009,73,4,NN
4301,3,8,PI 656040,73,4,NN
4302,4,8,PI 656044,71,4,NN
4303,5,8,PI 656004,65,4,NN
4304,6,8,PI 656013,65,4,NN
4305,7,8,PI 656046,63,4,NN
4306,8,8,PI 656049,69,4,NN
4307,9,8,PI 656002,66,4,NN
4308,10,8,PI 656021,62,4,NN
4309,11,8,PI 656005,63,4,NN
4310,12,8,PI 656035,65,4,NN
4312,14,8,PI 656025,63,4,NN
4313,2,7,PI 656081,55,4,NN
4314,3,7,PI 659694,73,4,NN
4315,4,7,PI 656090,62,4,NN
4316,5,7,PI 656003,68,4,NN
4317,6,7,PI 656029,67,4,NN
4318,7,7,PI 656008,67,4,NN
4319,8,7,PI 656041,69,4,NN
4320,9,7,PI 656083,73,4,NN
4321,10,7,PI 656062,71,4,NN
4322,11,7,PI 656107,69,4,NN
4323,12,7,PI 656116,54,4,NN
4324,13,7,PI 656006,75,4,NN
4325,14,7,PI 656060,62,4,NN
4326,2,6,PI 659691,82,4,NN
4327,3,6,PI 656076,73,4,NN
4328,4,6,PI 656118,75,4,NN
4329,5,6,PI 656036,76,4,NN
4330,6,6,PI 655999,69,4,NN
4331,7,6,PI 656034,78,4,NN
4333,9,6,PI 656075,76,4,NN
4334,10,6,PI 656096,62,4,NN
4335,11,6,PI 656117,71,4,NN
4336,12,6,PI 656082,76,4,NN
4337,13,6,PI 656057,79,4,NN
4339,2,5,PI 656099,82,4,NN
4340,3,5,PI 656095,58,4,NN
4341,4,5,PI 656074,62,4,NN
4342,5,5,PI 656111,67,4,NN
4343,6,5,PI 656097,73,4,NN
4344,7,5,PI 656121,55,4,NN
4345,8,5,PI 656091,75,4,NN
4346,9,5,PI 152651,53,4,NN
4347,10,5,PI 659693,50,4,NN
4348,11,5,PI 656105,60,4,NN
4349,12,5,PI 656094,57,4,NN
4350,13,5,PI 656085,53,4,NN
4351,14,5,PI 656088,62,4,NN
4352,2,4,PI 656072,79,4,NN
4354,4,4,PI 656079,70,4,NN
4355,5,4,PI 656089,58,4,NN
4357,7,4,PI 533839,66,4,NN
4359,9,4,PI 656087,54,4,NN
4360,10,4,PI 656100,75,4,NN
4361,11,4,PI 659753,NA,4,NN
4362,12,4,PI 17548,60,4,NN
4363,13,4,PI 656119,57,4,NN
4364,14,4,PI 656102,63,4,NN
4365,2,3,PI 656086,69,4,NN
4367,4,3,PI 656069,79,4,NN
4368,5,3,PI 656114,62,4,NN
4369,6,3,PI 656078,63,4,NN
4370,7,3,PI 659696,65,4,NN
4371,8,3,PI 656120,NA,4,NN
4372,9,3,PI 659695,67,4,NN
4374,11,3,PI 656106,65,4,NN
4375,12,3,PI 656071,75,4,NN
4376,13,3,PI 656110,69,4,NN
4377,14,3,PI 656108,59,4,NN
4382,6,2,PI 656070,72,4,NN
4383,7,2,PI 656109,57,4,NN
4384,8,2,PI 656115,63,4,NN
4389,13,2,PI 656068,75,4,NN
4390,14,2,PI 656093,67,4,NN
5002,16,31,PI 656011,76,5,SN
5003,17,31,PI 576347,53,5,SN
5008,22,31,PI 533876,NA,5,SN
5009,23,31,BTx623,68,5,SN
5011,25,31,PI 533789,73,5,SN
5015,16,30,BTx623,62,5,SN
5016,17,30,BTx623,62,5,SN
5017,18,30,PI 533807,71,5,SN
5018,19,30,PI 533901,71,5,SN
5019,20,30,PI 597976,62,5,SN
5020,21,30,PI 533962,71,5,SN
5022,23,30,BTx623,61,5,SN
5023,24,30,PI 656027,71,5,SN
5024,25,30,PI 656029,65,5,SN
5025,26,30,PI 48770,69,5,SN
5026,27,30,PI 656095,69,5,SN
5028,16,29,PI 656044,71,5,SN
5029,17,29,PI 656037,66,5,SN
5030,18,29,PI 656117,75,5,SN
5031,19,29,PI 533755,NA,5,SN
5032,20,29,PI 533766,57,5,SN
5033,21,29,PI 533821,63,5,SN
5034,22,29,PI 655979,66,5,SN
5035,23,29,PI 533769,NA,5,SN
5036,24,29,PI 656076,58,5,SN
5037,25,29,BTx623,65,5,SN
5038,26,29,PI 656041,71,5,SN
5039,27,29,PI 656020,58,5,SN
5041,16,28,BTx623,61,5,SN
5042,17,28,PI 534096,NA,5,SN
5043,18,28,PI 656079,68,5,SN
5044,19,28,PI 656072,76,5,SN
5045,20,28,PI 533980,69,5,SN
5046,21,28,BTx623,NA,5,SN
5047,22,28,PI 534124,NA,5,SN
5048,23,28,PI 595718,NA,5,SN
5049,24,28,PI 542718,72,5,SN
5050,25,28,PI 533800,69,5,SN
5051,26,28,PI 656118,62,5,SN
5052,27,28,PI 534115,63,5,SN
5054,16,27,PI 533838,53,5,SN
5055,17,27,PI 601816,67,5,SN
5056,18,27,PI 656111,67,5,SN
5057,19,27,PI 533936,61,5,SN
5058,20,27,PI 656081,56,5,SN
5059,21,27,PI 656100,NA,5,SN
5060,22,27,PI 542406,NA,5,SN
5061,23,27,PI 655981,62,5,SN
5062,24,27,PI 597951,51,5,SN
5063,25,27,PI 656092,75,5,SN
5064,26,27,PI 276837,60,5,SN
5065,27,27,PI 656016,67,5,SN
5067,16,26,PI 534144,64,5,SN
5068,17,26,BTx623,57,5,SN
5069,18,26,PI 576352,63,5,SN
5070,19,26,PI 655975,63,5,SN
5071,20,26,PI 533924,69,5,SN
5072,21,26,PI 595739,NA,5,SN
5073,22,26,PI 534104,NA,5,SN
5074,23,26,PI 659695,57,5,SN
5075,24,26,PI 597982,NA,5,SN
5076,25,26,PI 656032,NA,5,SN
5077,26,26,PI 656055,62,5,SN
5078,27,26,PI 656121,59,5,SN
5080,16,25,PI 533915,62,5,SN
5081,17,25,PI 656104,56,5,SN
5082,18,25,PI 651496,75,5,SN
5083,19,25,PI 595745,NA,5,SN
5084,20,25,PI 656060,59,5,SN
5085,21,25,PI 34911,67,5,SN
5086,22,25,PI 656022,68,5,SN
5087,23,25,BTx623,59,5,SN
5088,24,25,PI 656080,64,5,SN
5089,25,25,PI 656090,65,5,SN
5090,26,25,PI 533842,75,5,SN
5091,27,25,PI 656018,69,5,SN
5093,16,24,PI 533987,57,5,SN
5094,17,24,PI 576350,50,5,SN
5095,18,24,PI 576376,62,5,SN
5096,19,24,PI 656093,69,5,SN
5097,20,24,PI 533957,55,5,SN
5098,21,24,BTx623,NA,5,SN
5099,22,24,PI 656007,NA,5,SN
5100,23,24,BTx623,59,5,SN
5101,24,24,PI 656110,72,5,SN
5102,25,24,PI 533998,NA,5,SN
5103,26,24,PI 534009,76,5,SN
5104,27,24,PI 534163,75,5,SN
5106,16,23,PI 533794,64,5,SN
5107,17,23,BTx623,60,5,SN
5108,18,23,PI 629040,67,5,SN
5109,19,23,PI 656008,68,5,SN
5110,20,23,PI 533997,56,5,SN
5111,21,23,PI 533970,NA,5,SN
5112,22,23,PI 656003,57,5,SN
5113,23,23,PI 533956,62,5,SN
5114,24,23,PI 656012,65,5,SN
5115,25,23,PI 656087,55,5,SN
5116,26,23,PI 533845,64,5,SN
5117,27,23,PI 534145,50,5,SN
5119,16,22,PI 598069,76,5,SN
5120,17,22,PI 576426,66,5,SN
5121,18,22,PI 656030,49,5,SN
5122,19,22,PI 533938,55,5,SN
5123,20,22,PI 607931,64,5,SN
5124,21,22,PI 576349,NA,5,SN
5125,22,22,PI 595720,74,5,SN
5126,23,22,PI 656114,67,5,SN
5127,24,22,PI 656026,57,5,SN
5128,25,22,BTx623,69,5,SN
5129,26,22,PI 533940,60,5,SN
5130,27,22,PI 655995,71,5,SN
5132,16,21,PI 533757,65,5,SN
5133,17,21,PI 576348,63,5,SN
5134,18,21,PI 533927,69,5,SN
5135,19,21,PI 576130,75,5,SN
5136,20,21,PI 656031,67,5,SN
5137,21,21,BTx623,69,5,SN
5139,23,21,PI 533761,NA,5,SN
5140,24,21,PI 534046,56,5,SN
5141,25,21,PI 533965,65,5,SN
5142,26,21,PI 534047,51,5,SN
5143,27,21,PI 655971,62,5,SN
5145,16,20,PI 533776,63,5,SN
5146,17,20,PI 533866,65,5,SN
5147,18,20,PI 533903,69,5,SN
5148,19,20,PI 548797,67,5,SN
5149,20,20,PI 576359,76,5,SN
5150,21,20,PI 656036,NA,5,SN
5151,22,20,PI 656107,NA,5,SN
5152,23,20,PI 595743,73,5,SN
5153,24,20,PI 533814,71,5,SN
5154,25,20,PI 565121,67,5,SN
5155,26,20,PI 597946,57,5,SN
5156,27,20,PI 656040,78,5,SN
5158,16,19,PI 597958,65,5,SN
5159,17,19,PI 533877,69,5,SN
5160,18,19,PI 533954,53,5,SN
5161,19,19,PI 656116,50,5,SN
5162,20,19,BTx623,63,5,SN
5163,21,19,BTx623,NA,5,SN
5168,26,19,PI 576332,65,5,SN
5169,27,19,PI 595740,75,5,SN
5171,16,18,PI 574455,71,5,SN
5172,17,18,PI 533833,63,5,SN
5173,18,18,PI 641874,62,5,SN
5174,19,18,PI 656097,76,5,SN
5175,20,18,BTx623,63,5,SN
5177,22,18,PI 656035,63,5,SN
5178,23,18,PI 655997,NA,5,SN
5179,24,18,PI 576428,63,5,SN
5180,25,18,PI 576381,NA,5,SN
5181,26,18,PI 597967,69,5,SN
5182,27,18,PI 533989,73,5,SN
5184,16,17,PI 597971,60,5,SN
5185,17,17,PI 576399,62,5,SN
5186,18,17,BTx623,64,5,SN
5187,19,17,PI 533839,66,5,SN
5188,20,17,PI 659691,75,5,SN
5189,21,17,BTx623,63,5,SN
5190,22,17,BTx623,65,5,SN
5194,26,17,PI 656001,71,5,SN
5195,27,17,PI 659696,65,5,SN
5198,17,16,PI 533754,60,5,SN
5199,18,16,PI 656094,56,5,SN
5200,19,16,PI 533967,66,5,SN
5201,20,16,PI 534037,58,5,SN
5202,21,16,PI 533964,NA,5,SN
5203,22,16,PI 655992,NA,5,SN
5204,23,16,BTx623,58,5,SN
5205,24,16,PI 656062,69,5,SN
5206,25,16,PI 656002,62,5,SN
5207,26,16,PI 533949,50,5,SN
5208,27,16,PI 533758,64,5,SN
5210,16,15,BTx623,56,5,SN
5211,17,15,BTx623,57,5,SN
5212,18,15,PI 533939,60,5,SN
5213,19,15,BTx623,59,5,SN
5214,20,15,PI 656109,55,5,SN
5215,21,15,PI 576333,70,5,SN
5216,22,15,PI 152651,NA,5,SN
5217,23,15,PI 533985,61,5,SN
5218,24,15,PI 656091,71,5,SN
5219,25,15,PI 533996,56,5,SN
5220,26,15,PI 534148,63,5,SN
5221,27,15,BTx623,63,5,SN
5223,16,14,PI 533855,63,5,SN
5224,17,14,BTx623,59,5,SN
5225,18,14,PI 656119,56,5,SN
5226,19,14,PI 17548,57,5,SN
5227,20,14,PI 655977,63,5,SN
5228,21,14,PI 534123,66,5,SN
5229,22,14,PI 576435,NA,5,SN
5230,23,14,PI 595702,59,5,SN
5231,24,14,PI 597960,66,5,SN
5232,25,14,PI 533991,62,5,SN
5233,26,14,PI 576345,63,5,SN
5234,27,14,PI 564165,75,5,SN
5236,16,13,PI 533948,61,5,SN
5237,17,13,PI 656052,52,5,SN
5238,18,13,PI 533911,59,5,SN
5239,19,13,PI 533913,60,5,SN
5240,20,13,PI 655972,66,5,SN
5241,21,13,PI 597957,67,5,SN
5242,22,13,PI 564163,65,5,SN
5243,23,13,PI 533878,NA,5,SN
5244,24,13,BTx623,60,5,SN
5245,25,13,PI 655978,66,5,SN
5246,26,13,PI 534108,62,5,SN
5247,27,13,PI 656070,76,5,SN
5249,16,12,PI 533976,NA,5,SN
5250,17,12,PI 576366,58,5,SN
5251,18,12,PI 655993,63,5,SN
5252,19,12,PI 656017,87,5,SN
5253,20,12,PI 533986,59,5,SN
5255,22,12,PI 576393,NA,5,SN
5256,23,12,PI 561072,65,5,SN
5257,24,12,PI 534127,61,5,SN
5258,25,12,PI 641849,50,5,SN
5259,26,12,PI 656069,75,5,SN
5260,27,12,PI 533943,66,5,SN
5262,16,11,PI 533841,62,5,SN
5263,17,11,PI 576337,60,5,SN
5264,18,11,PI 576380,66,5,SN
5265,19,11,PI 656024,75,5,SN
5266,20,11,PI 656058,67,5,SN
5269,23,11,PI 597973,62,5,SN
5270,24,11,PI 656039,69,5,SN
5271,25,11,PI 534133,67,5,SN
5272,26,11,PI 595714,63,5,SN
5273,27,11,PI 642793,67,5,SN
5275,16,10,PI 656021,60,5,SN
5277,18,10,PI 533955,62,5,SN
5278,19,10,PI 533921,63,5,SN
5279,20,10,BTx623,62,5,SN
5280,21,10,PI 576425,NA,5,SN
5281,22,10,PI 597949,NA,5,SN
5282,23,10,PI 533856,75,5,SN
5283,24,10,PI 533752,62,5,SN
5284,25,10,PI 656120,61,5,SN
5288,16,9,PI 656005,58,5,SN
5289,17,9,PI 656089,53,5,SN
5290,18,9,PI 656078,59,5,SN
5291,19,9,PI 534132,62,5,SN
5292,20,9,BTx623,60,5,SN
5293,21,9,PI 656099,NA,5,SN
5294,22,9,PI 659753,NA,5,SN
5295,23,9,PI 576394,59,5,SN
5296,24,9,PI 597961,58,5,SN
5297,25,9,PI 655999,63,5,SN
5302,17,8,PI 642791,65,5,SN
5303,18,8,PI 655973,63,5,SN
5304,19,8,BTx623,59,5,SN
5305,20,8,PI 656096,57,5,SN
5308,23,8,PI 534063,57,5,SN
5309,24,8,PI 597950,53,5,SN
5310,25,8,PI 597972,57,5,SN
5311,26,8,PI 576401,66,5,SN
5312,27,8,BTx623,63,5,SN
5314,16,7,PI 656004,65,5,SN
5315,17,7,PI 534157,66,5,SN
5316,18,7,BTx623,60,5,SN
5317,19,7,PI 534099,63,5,SN
5318,20,7,PI 595741,56,5,SN
5319,21,7,PI 656068,NA,5,SN
5320,22,7,PI 656028,NA,5,SN
5321,23,7,PI 564164,67,5,SN
5322,24,7,PI 576418,65,5,SN
5323,25,7,BTx623,58,5,SN
5324,26,7,PI 656088,NA,5,SN
5325,27,7,PI 656046,63,5,SN
5327,16,6,PI 329435,66,5,SN
5328,17,6,PI 595699,63,5,SN
5329,18,6,PI 534116,61,5,SN
5330,19,6,PI 534070,54,5,SN
5331,20,6,PI 329440,61,5,SN
5332,21,6,PI 597968,NA,5,SN
5333,22,6,PI 656010,NA,5,SN
5334,23,6,PI 533937,58,5,SN
5335,24,6,PI 576385,55,5,SN
5336,25,6,PI 576339,58,5,SN
5337,26,6,PI 534137,63,5,SN
5338,27,6,PI 656071,72,5,SN
5340,16,5,PI 656051,68,5,SN
5342,18,5,BTx623,60,5,SN
5343,19,5,PI 656006,67,5,SN
5344,20,5,PI 655998,56,5,SN
5345,21,5,PI 533910,NA,5,SN
5346,22,5,PI 533979,NA,5,SN
5347,23,5,PI 533972,67,5,SN
5348,24,5,PI 534114,64,5,SN
5349,25,5,PI 576396,62,5,SN
5350,26,5,PI 552861,63,5,SN
5351,27,5,PI 534135,76,5,SN
5353,16,4,PI 533863,62,5,SN
5354,17,4,PI 656050,60,5,SN
5355,18,4,PI 656048,66,5,SN
5356,19,4,PI 534101,60,5,SN
5357,20,4,PI 595744,60,5,SN
5358,21,4,PI 533912,NA,5,SN
5359,22,4,PI 655994,NA,5,SN
5360,23,4,PI 656061,71,5,SN
5361,24,4,PI 659694,66,5,SN
5362,25,4,PI 629059,60,5,SN
5363,26,4,BTx623,62,5,SN
5364,27,4,PI 533785,62,5,SN
5366,16,3,PI 597965,56,5,SN
5367,17,3,PI 534053,63,5,SN
5368,18,3,PI 656077,56,5,SN
5369,19,3,PI 534112,62,5,SN
5370,20,3,PI 576387,56,5,SN
5371,21,3,PI 656102,NA,5,SN
5372,22,3,BTx623,NA,5,SN
5373,23,3,PI 642998,63,5,SN
5374,24,3,PI 533750,59,5,SN
5375,25,3,PI 533824,65,5,SN
5376,26,3,PI 576340,63,5,SN
5377,27,3,BTx623,59,5,SN
5381,18,2,PI 561472,69,5,SN
5382,19,2,PI 597964,69,5,SN
5383,20,2,PI 585295,67,5,SN
5384,21,2,PI 534054,NA,5,SN
5386,23,2,PI 534021,76,5,SN
5387,24,2,PI 656086,67,5,SN
5388,25,2,PI 533919,63,5,SN
5389,26,2,BTx623,60,5,SN
5390,27,2,PI 534138,75,5,SN
6001,29,31,BTx623,69,6,NN
6002,30,31,BTx623,65,6,NN
6003,31,31,PI 656110,71,6,NN
6008,36,31,PI 656036,76,6,NN
6009,37,31,PI 533927,69,6,NN
6010,38,31,BTx623,68,6,NN
6011,39,31,PI 656061,76,6,NN
6014,29,30,PI 655976,69,6,NN
6015,30,30,PI 595699,76,6,NN
6016,31,30,PI 642793,73,6,NN
6017,32,30,PI 533996,66,6,NN
6018,33,30,PI 656023,73,6,NN
6019,34,30,PI 533821,73,6,NN
6021,36,30,PI 656115,69,6,NN
6022,37,30,PI 656039,72,6,NN
6023,38,30,BTx623,67,6,NN
6024,39,30,PI 597971,71,6,NN
6025,40,30,PI 656053,75,6,NN
6026,41,30,PI 656007,72,6,NN
6027,29,29,PI 656012,76,6,NN
6028,30,29,PI 534163,73,6,NN
6029,31,29,PI 656081,56,6,NN
6030,32,29,PI 533956,60,6,NN
6031,33,29,PI 656028,69,6,NN
6032,34,29,PI 534047,50,6,NN
6033,35,29,PI 656003,66,6,NN
6034,36,29,PI 576333,NA,6,NN
6035,37,29,BTx623,62,6,NN
6036,38,29,PI 656108,55,6,NN
6037,39,29,PI 655977,67,6,NN
6039,41,29,PI 533913,63,6,NN
6040,29,28,PI 655975,68,6,NN
6041,30,28,PI 534037,64,6,NN
6042,31,28,PI 656034,72,6,NN
6043,32,28,PI 533962,67,6,NN
6044,33,28,PI 656082,76,6,NN
6045,34,28,PI 655996,67,6,NN
6046,35,28,PI 656046,NA,6,NN
6047,36,28,PI 533985,NA,6,NN
6048,37,28,PI 656037,68,6,NN
6049,38,28,PI 533785,64,6,NN
6050,39,28,PI 576394,62,6,NN
6051,40,28,PI 533924,73,6,NN
6052,41,28,PI 533824,69,6,NN
6053,29,27,PI 655994,62,6,NN
6054,30,27,BTx623,66,6,NN
6055,31,27,PI 533757,72,6,NN
6056,32,27,BTx623,69,6,NN
6057,33,27,PI 656055,66,6,NN
6058,34,27,PI 656057,79,6,NN
6059,35,27,PI 533839,NA,6,NN
6060,36,27,PI 561472,NA,6,NN
6061,37,27,BTx623,65,6,NN
6062,38,27,PI 597958,65,6,NN
6063,39,27,PI 533912,49,6,NN
6064,40,27,PI 595745,63,6,NN
6065,41,27,PI 656087,55,6,NN
6066,29,26,PI 595702,63,6,NN
6067,30,26,BTx623,63,6,NN
6068,31,26,PI 576340,64,6,NN
6069,32,26,PI 542718,61,6,NN
6070,33,26,PI 533852,63,6,NN
6071,34,26,PI 656000,62,6,NN
6073,36,26,PI 534101,69,6,NN
6074,37,26,PI 656100,75,6,NN
6075,38,26,PI 656030,50,6,NN
6076,39,26,PI 655981,68,6,NN
6077,40,26,PI 576386,75,6,NN
6078,41,26,BTx623,60,6,NN
6079,29,25,PI 613536,63,6,NN
6080,30,25,PI 659693,53,6,NN
6081,31,25,BTx623,63,6,NN
6082,32,25,PI 641874,62,6,NN
6083,33,25,PI 576348,66,6,NN
6084,34,25,PI 655970,71,6,NN
6085,35,25,PI 595718,59,6,NN
6087,37,25,PI 533957,61,6,NN
6088,38,25,PI 533980,69,6,NN
6089,39,25,PI 656021,66,6,NN
6090,40,25,PI 534009,79,6,NN
6091,41,25,PI 597973,73,6,NN
6092,29,24,PI 533842,78,6,NN
6093,30,24,BTx623,65,6,NN
6094,31,24,PI 656068,73,6,NN
6095,32,24,PI 533948,63,6,NN
6096,33,24,PI 533810,76,6,NN
6097,34,24,BTx623,62,6,NN
6098,35,24,PI 534132,NA,6,NN
6099,36,24,PI 597946,NA,6,NN
6100,37,24,PI 656011,73,6,NN
6101,38,24,PI 576390,59,6,NN
6102,39,24,PI 595744,61,6,NN
6103,40,24,PI 576437,64,6,NN
6104,41,24,PI 656048,69,6,NN
6105,29,23,PI 534157,66,6,NN
6106,30,23,PI 642998,63,6,NN
6107,31,23,PI 533987,62,6,NN
6108,32,23,PI 576332,67,6,NN
6109,33,23,PI 656107,75,6,NN
6110,34,23,PI 656121,59,6,NN
6111,35,23,PI 576396,NA,6,NN
6112,36,23,PI 533954,NA,6,NN
6113,37,23,PI 533903,67,6,NN
6114,38,23,PI 548797,72,6,NN
6115,39,23,PI 576380,71,6,NN
6116,40,23,PI 629040,73,6,NN
6117,41,23,PI 533910,63,6,NN
6118,29,22,PI 576399,65,6,NN
6119,30,22,BTx623,66,6,NN
6120,31,22,PI 597961,64,6,NN
6121,32,22,PI 656075,76,6,NN
6122,33,22,PI 534070,56,6,NN
6123,34,22,PI 656006,75,6,NN
6124,35,22,PI 595741,NA,6,NN
6125,36,22,PI 656001,NA,6,NN
6126,37,22,PI 533949,62,6,NN
6127,38,22,PI 533800,76,6,NN
6128,39,22,PI 576435,67,6,NN
6129,40,22,PI 534099,66,6,NN
6130,41,22,PI 576373,64,6,NN
6131,29,21,PI 534139,63,6,NN
6132,30,21,PI 656069,82,6,NN
6133,31,21,PI 656086,75,6,NN
6134,32,21,PI 534054,71,6,NN
6135,33,21,PI 576352,62,6,NN
6136,34,21,PI 656032,79,6,NN
6137,35,21,PI 656104,NA,6,NN
6138,36,21,PI 656106,NA,6,NN
6139,37,21,PI 656022,63,6,NN
6140,38,21,PI 533940,63,6,NN
6141,39,21,BTx623,62,6,NN
6144,29,20,PI 534053,73,6,NN
6145,30,20,PI 576381,71,6,NN
6146,31,20,PI 656016,73,6,NN
6147,32,20,PI 609456,NA,6,NN
6148,33,20,PI 533961,71,6,NN
6149,34,20,PI 656050,70,6,NN
6150,35,20,PI 533955,63,6,NN
6151,36,20,PI 534135,67,6,NN
6152,37,20,PI 533998,75,6,NN
6153,38,20,PI 534116,63,6,NN
6154,39,20,PI 656080,67,6,NN
6155,40,20,PI 533919,65,6,NN
6156,41,20,BTx623,66,6,NN
6157,29,19,PI 576376,65,6,NN
6158,30,19,PI 585295,78,6,NN
6159,31,19,PI 533901,66,6,NN
6160,32,19,PI 659753,79,6,NN
6161,33,19,PI 597960,69,6,NN
6162,34,19,PI 656035,62,6,NN
6163,35,19,PI 597949,75,6,NN
6164,36,19,PI 576393,NA,6,NN
6165,37,19,PI 659691,81,6,NN
6166,38,19,PI 656109,56,6,NN
6167,39,19,PI 534123,63,6,NN
6168,40,19,PI 534097,64,6,NN
6169,41,19,PI 656099,84,6,NN
6170,29,18,PI 656094,63,6,NN
6171,30,18,PI 607931,74,6,NN
6172,31,18,PI 659695,71,6,NN
6173,32,18,PI 656102,67,6,NN
6174,33,18,BTx623,66,6,NN
6175,34,18,BTx623,64,6,NN
6176,35,18,PI 533776,NA,6,NN
6177,36,18,PI 656008,NA,6,NN
6178,37,18,PI 534117,59,6,NN
6179,38,18,PI 656029,69,6,NN
6180,39,18,PI 533830,62,6,NN
6181,40,18,PI 659696,67,6,NN
6182,41,18,PI 656117,76,6,NN
6183,29,17,PI 534138,71,6,NN
6184,30,17,PI 533789,73,6,NN
6185,31,17,PI 329435,80,6,NN
6186,32,17,BTx623,67,6,NN
6187,33,17,PI 533755,74,6,NN
6188,34,17,PI 533939,65,6,NN
6190,36,17,PI 656062,NA,6,NN
6191,37,17,PI 656043,75,6,NN
6192,38,17,PI 655978,66,6,NN
6193,39,17,PI 656004,64,6,NN
6194,40,17,BTx623,63,6,NN
6195,41,17,PI 656044,73,6,NN
6196,29,16,PI 533938,56,6,NN
6197,30,16,PI 533760,65,6,NN
6198,31,16,PI 656002,65,6,NN
6199,32,16,PI 597967,69,6,NN
6200,33,16,PI 656114,61,6,NN
6201,34,16,PI 656041,73,6,NN
6202,35,16,PI 655999,62,6,NN
6203,36,16,PI 152651,NA,6,NN
6204,37,16,PI 533761,69,6,NN
6205,38,16,PI 595740,69,6,NN
6206,39,16,PI 533943,65,6,NN
6207,40,16,PI 533807,69,6,NN
6208,41,16,PI 629059,62,6,NN
6209,29,15,BTx623,63,6,NN
6210,30,15,PI 656077,59,6,NN
6211,31,15,PI 561073,76,6,NN
6212,32,15,PI 533902,73,6,NN
6213,33,15,PI 533833,64,6,NN
6216,36,15,BTx623,NA,6,NN
6217,37,15,PI 655971,64,6,NN
6218,38,15,PI 597952,66,6,NN
6219,39,15,BTx623,62,6,NN
6220,40,15,PI 656091,79,6,NN
6221,41,15,PI 534114,73,6,NN
6222,29,14,PI 655974,63,6,NN
6223,30,14,BTx623,63,6,NN
6224,31,14,PI 576364,61,6,NN
6225,32,14,PI 656052,65,6,NN
6226,33,14,PI 564165,80,6,NN
6227,34,14,PI 534112,72,6,NN
6228,35,14,PI 595714,NA,6,NN
6229,36,14,BTx623,NA,6,NN
6230,37,14,PI 655997,64,6,NN
6231,38,14,PI 533937,61,6,NN
6232,39,14,PI 595739,75,6,NN
6233,40,14,PI 597972,64,6,NN
6234,41,14,PI 565121,75,6,NN
6235,29,13,BTx623,64,6,NN
6236,30,13,BTx623,64,6,NN
6238,32,13,PI 656089,62,6,NN
6239,33,13,PI 656097,79,6,NN
6240,34,13,PI 576401,76,6,NN
6241,35,13,PI 533845,NA,6,NN
6242,36,13,PI 595743,81,6,NN
6243,37,13,PI 534128,73,6,NN
6244,38,13,PI 576385,59,6,NN
6245,39,13,PI 533970,72,6,NN
6246,40,13,PI 656009,76,6,NN
6247,41,13,PI 533752,71,6,NN
6248,29,12,PI 533965,69,6,NN
6249,30,12,PI 597945,63,6,NN
6250,31,12,PI 534115,62,6,NN
6251,32,12,PI 656120,NA,6,NN
6252,33,12,PI 656118,71,6,NN
6253,34,12,PI 576422,64,6,NN
6254,35,12,PI 533911,NA,6,NN
6255,36,12,BTx623,NA,6,NN
6256,37,12,PI 656085,53,6,NN
6257,38,12,PI 533936,65,6,NN
6258,39,12,PI 533814,73,6,NN
6259,40,12,PI 576337,61,6,NN
6260,41,12,PI 656049,67,6,NN
6261,29,11,PI 534148,69,6,NN
6262,30,11,PI 533863,67,6,NN
6263,31,11,PI 534021,80,6,NN
6264,32,11,PI 533759,61,6,NN
6265,33,11,PI 534063,59,6,NN
6266,34,11,PI 533915,62,6,NN
6268,36,11,PI 534108,64,6,NN
6269,37,11,PI 656017,65,6,NN
6270,38,11,BTx623,63,6,NN
6271,39,11,BTx623,61,6,NN
6272,40,11,PI 576418,65,6,NN
6273,41,11,PI 656020,59,6,NN
6274,29,10,PI 534124,63,6,NN
6276,31,10,PI 576345,73,6,NN
6277,32,10,PI 17548,67,6,NN
6278,33,10,PI 597950,62,6,NN
6279,34,10,BTx623,65,6,NN
6280,35,10,PI 656018,NA,6,NN
6281,36,10,BTx623,NA,6,NN
6282,37,10,PI 656088,66,6,NN
6283,38,10,PI 642791,72,6,NN
6285,40,10,PI 642992,71,6,NN
6286,41,10,PI 595720,61,6,NN
6287,29,9,PI 533976,63,6,NN
6288,30,9,PI 534133,69,6,NN
6289,31,9,BTx623,63,6,NN
6290,32,9,PI 533869,65,6,NN
6291,33,9,PI 533754,60,6,NN
6292,34,9,PI 655979,65,6,NN
6293,35,9,PI 533838,NA,6,NN
6294,36,9,PI 534096,NA,6,NN
6295,37,9,PI 656014,69,6,NN
6296,38,9,PI 534105,65,6,NN
6297,39,9,PI 542406,80,6,NN
6298,40,9,PI 534145,55,6,NN
6299,41,9,PI 656056,71,6,NN
6300,29,8,PI 276837,63,6,NN
6301,30,8,PI 533979,56,6,NN
6302,31,8,PI 576428,69,6,NN
6303,32,8,PI 533997,59,6,NN
6304,33,8,PI 656079,65,6,NN
6305,34,8,PI 561072,69,6,NN
6306,35,8,PI 656111,NA,6,NN
6307,36,8,PI 576387,NA,6,NN
6308,37,8,PI 655998,60,6,NN
6309,38,8,PI 597965,62,6,NN
6310,39,8,PI 597976,58,6,NN
6311,40,8,PI 597957,64,6,NN
6312,41,8,BTx623,63,6,NN
6313,29,7,PI 533769,58,6,NN
6314,30,7,PI 564164,65,6,NN
6315,31,7,PI 656051,71,6,NN
6316,32,7,PI 533841,69,6,NN
6317,33,7,PI 601816,69,6,NN
6318,34,7,PI 656013,63,6,NN
6319,35,7,PI 656095,62,6,NN
6320,36,7,PI 534137,NA,6,NN
6321,37,7,PI 533750,60,6,NN
6322,38,7,PI 656092,76,6,NN
6323,39,7,PI 34911,76,6,NN
6324,40,7,PI 533766,62,6,NN
6325,41,7,PI 534127,67,6,NN
6326,29,6,BTx623,66,6,NN
6327,30,6,PI 656058,72,6,NN
6328,31,6,PI 656071,74,6,NN
6329,32,6,PI 656005,65,6,NN
6330,33,6,PI 659694,73,6,NN
6331,34,6,PI 534155,71,6,NN
6332,35,6,PI 533855,NA,6,NN
6333,36,6,PI 533876,NA,6,NN
6334,37,6,PI 656059,71,6,NN
6337,40,6,PI 656031,71,6,NN
6338,41,6,PI 656116,63,6,NN
6339,29,5,PI 656024,84,6,NN
6340,30,5,PI 597951,63,6,NN
6341,31,5,BTx623,63,6,NN
6342,32,5,PI 656119,59,6,NN
6343,33,5,BTx623,64,6,NN
6344,34,5,PI 597980,63,6,NN
6345,35,5,PI 656026,73,6,NN
6346,36,5,BTx623,NA,6,NN
6347,37,5,BTx623,65,6,NN
6349,39,5,PI 533799,69,6,NN
6350,40,5,PI 533866,67,6,NN
6351,41,5,PI 533758,65,6,NN
6352,29,4,PI 656105,63,6,NN
6353,30,4,PI 533991,63,6,NN
6354,31,4,PI 656010,65,6,NN
6355,32,4,PI 656072,79,6,NN
6356,33,4,PI 329440,63,6,NN
6357,34,4,PI 656025,62,6,NN
6358,35,4,PI 656060,NA,6,NN
6359,36,4,PI 533989,NA,6,NN
6360,37,4,PI 655995,72,6,NN
6361,38,4,PI 576366,56,6,NN
6362,39,4,PI 576130,75,6,NN
6364,41,4,PI 655993,63,6,NN
6365,29,3,PI 656076,66,6,NN
6366,30,3,PI 576375,67,6,NN
6367,31,3,PI 552861,64,6,NN
6368,32,3,PI 533921,NA,6,NN
6369,33,3,PI 533964,71,6,NN
6370,34,3,PI 533856,78,6,NN
6371,35,3,PI 576426,65,6,NN
6372,36,3,PI 656090,NA,6,NN
6373,37,3,PI 576339,63,6,NN
6374,38,3,PI 656070,73,6,NN
6375,39,3,PI 656074,69,6,NN
6376,40,3,PI 656096,63,6,NN
6377,41,3,PI 597982,54,6,NN
6381,32,2,PI 656042,NA,6,NN
6382,33,2,BTx623,63,6,NN
6383,34,2,PI 597964,75,6,NN
6384,35,2,PI 533986,69,6,NN
6389,40,2,PI 533972,73,6,NN
6390,41,2,PI 533794,69,6,NN
7001,43,31,PI 542718,65,7,SN
7002,44,31,PI 656020,59,7,SN
7003,45,31,PI 656011,75,7,SN
7008,50,31,PI 656027,76,7,SN
7009,51,31,PI 533821,70,7,SN
7010,52,31,PI 48770,66,7,SN
7011,53,31,BTx623,62,7,SN
7014,43,30,PI 656044,74,7,SN
7015,44,30,PI 656075,71,7,SN
7016,45,30,BTx623,63,7,SN
7017,46,30,PI 656117,72,7,SN
7018,47,30,PI 542406,84,7,SN
7019,48,30,PI 533962,69,7,SN
7020,49,30,PI 534124,68,7,SN
7021,50,30,PI 655979,67,7,SN
7022,51,30,PI 533980,71,7,SN
7023,52,30,PI 656100,74,7,SN
7024,53,30,PI 656081,60,7,SN
7025,54,30,PI 597976,62,7,SN
7026,55,30,PI 656057,77,7,SN
7027,43,29,PI 655975,64,7,SN
7028,44,29,PI 655981,66,7,SN
7029,45,29,PI 533924,66,7,SN
7030,46,29,PI 656079,63,7,SN
7031,47,29,PI 534115,63,7,SN
7032,48,29,BTx623,63,7,SN
7033,49,29,PI 656055,62,7,SN
7034,50,29,PI 533755,65,7,SN
7035,51,29,PI 597980,58,7,SN
7036,52,29,PI 656029,65,7,SN
7037,53,29,PI 533766,59,7,SN
7038,54,29,PI 656072,76,7,SN
7039,55,29,BTx623,59,7,SN
7040,43,28,BTx623,63,7,SN
7041,44,28,BTx623,57,7,SN
7042,45,28,PI 576386,78,7,SN
7043,46,28,PI 656009,65,7,SN
7045,48,28,PI 655970,67,7,SN
7046,49,28,PI 656121,56,7,SN
7047,50,28,PI 655976,67,7,SN
7048,51,28,PI 576422,64,7,SN
7049,52,28,PI 576347,53,7,SN
7050,53,28,PI 533789,67,7,SN
7051,54,28,PI 595739,67,7,SN
7052,55,28,PI 533769,56,7,SN
7053,43,27,PI 651496,75,7,SN
7055,45,27,PI 533970,63,7,SN
7056,46,27,PI 534117,56,7,SN
7057,47,27,PI 276837,62,7,SN
7058,48,27,PI 595718,52,7,SN
7059,49,27,BTx623,59,7,SN
7060,50,27,PI 576376,64,7,SN
7061,51,27,PI 656043,69,7,SN
7062,52,27,BTx623,59,7,SN
7063,53,27,PI 533956,63,7,SN
7064,54,27,PI 533800,67,7,SN
7065,55,27,PI 656037,67,7,SN
7066,43,26,PI 534163,64,7,SN
7067,44,26,PI 595720,56,7,SN
7068,45,26,PI 533845,65,7,SN
7069,46,26,PI 656095,56,7,SN
7070,47,26,PI 656076,66,7,SN
7071,48,26,PI 597951,64,7,SN
7072,49,26,PI 656092,73,7,SN
7073,50,26,PI 655996,66,7,SN
7074,51,26,PI 533927,65,7,SN
7075,52,26,PI 656012,73,7,SN
7076,53,26,PI 656030,49,7,SN
7077,54,26,PI 656016,63,7,SN
7078,55,26,PI 656111,66,7,SN
7079,43,25,PI 533997,56,7,SN
7080,44,25,PI 534144,67,7,SN
7081,45,25,PI 659695,64,7,SN
7082,46,25,PI 533938,55,7,SN
7083,47,25,BTx623,59,7,SN
7084,48,25,BTx623,58,7,SN
7085,49,25,PI 656032,76,7,SN
7086,50,25,PI 533957,57,7,SN
7087,51,25,PI 656000,59,7,SN
7088,52,25,BTx623,60,7,SN
7089,53,25,PI 576349,62,7,SN
7090,54,25,PI 656090,62,7,SN
7091,55,25,PI 595745,59,7,SN
7092,43,24,PI 533794,64,7,SN
7093,44,24,PI 656018,65,7,SN
7094,45,24,PI 34911,76,7,SN
7095,46,24,PI 576437,63,7,SN
7096,47,24,PI 629040,59,7,SN
7097,48,24,PI 597982,50,7,SN
7098,49,24,PI 656022,59,7,SN
7099,50,24,PI 656110,65,7,SN
7100,51,24,BTx623,65,7,SN
7101,52,24,PI 533915,62,7,SN
7102,53,24,PI 656114,63,7,SN
7103,54,24,PI 656104,62,7,SN
7104,55,24,PI 656093,66,7,SN
7105,43,23,PI 656087,53,7,SN
7106,44,23,PI 533759,55,7,SN
7107,45,23,PI 533998,58,7,SN
7108,46,23,PI 655995,69,7,SN
7109,47,23,PI 656060,64,7,SN
7110,48,23,PI 533987,56,7,SN
7111,49,23,PI 601816,73,7,SN
7112,50,23,PI 533838,52,7,SN
7113,51,23,PI 534009,80,7,SN
7114,52,23,BTx623,62,7,SN
7115,53,23,PI 656008,65,7,SN
7116,54,23,PI 656026,71,7,SN
7117,55,23,BTx623,59,7,SN
7118,43,22,PI 574455,71,7,SN
7119,44,22,PI 595740,72,7,SN
7120,45,22,PI 534046,58,7,SN
7121,46,22,PI 656080,63,7,SN
7122,47,22,PI 576350,50,7,SN
7123,48,22,PI 533842,75,7,SN
7124,49,22,PI 656007,62,7,SN
7125,50,22,PI 533964,71,7,SN
7126,51,22,BTx623,65,7,SN
7127,52,22,PI 656105,61,7,SN
7128,53,22,PI 656106,64,7,SN
7129,54,22,PI 655971,61,7,SN
7130,55,22,PI 534104,62,7,SN
7131,43,21,PI 533949,52,7,SN
7132,44,21,PI 576348,66,7,SN
7133,45,21,PI 659691,76,7,SN
7134,46,21,PI 656003,64,7,SN
7135,47,21,PI 576130,73,7,SN
7136,48,21,PI 533940,63,7,SN
7137,49,21,PI 656031,64,7,SN
7138,50,21,PI 656094,58,7,SN
7139,51,21,PI 576426,73,7,SN
7140,52,21,BTx623,62,7,SN
7141,53,21,PI 656062,71,7,SN
7142,54,21,PI 534145,56,7,SN
7143,55,21,PI 534047,51,7,SN
7144,43,20,PI 655997,64,7,SN
7145,44,20,PI 533776,59,7,SN
7146,45,20,PI 656001,69,7,SN
7147,46,20,PI 533839,66,7,SN
7148,47,20,PI 533903,66,7,SN
7149,48,20,BTx623,60,7,SN
7150,49,20,PI 597946,66,7,SN
7151,50,20,PI 656042,65,7,SN
7152,51,20,PI 656035,68,7,SN
7153,52,20,BTx623,63,7,SN
7154,53,20,PI 576332,66,7,SN
7155,54,20,PI 534037,62,7,SN
7156,55,20,PI 597958,66,7,SN
7157,43,19,PI 656097,77,7,SN
7158,44,19,PI 533758,67,7,SN
7159,45,19,PI 656002,67,7,SN
7160,46,19,BTx623,59,7,SN
7161,47,19,PI 533965,69,7,SN
7162,48,19,PI 656040,71,7,SN
7163,49,19,PI 655974,64,7,SN
7164,50,19,PI 576381,65,7,SN
7165,51,19,PI 576428,69,7,SN
7166,52,19,PI 533799,65,7,SN
7167,53,19,PI 656074,63,7,SN
7168,54,19,PI 656013,63,7,SN
7169,55,19,PI 533866,67,7,SN
7170,43,18,PI 576375,64,7,SN
7171,44,18,PI 656107,71,7,SN
7172,45,18,PI 565121,67,7,SN
7173,46,18,PI 595743,73,7,SN
7174,47,18,PI 659696,63,7,SN
7175,48,18,PI 597967,63,7,SN
7176,49,18,PI 655992,63,7,SN
7177,50,18,PI 533761,73,7,SN
7178,51,18,PI 548797,69,7,SN
7179,52,18,PI 656082,75,7,SN
7180,53,18,PI 641874,63,7,SN
7182,55,18,PI 597966,60,7,SN
7183,43,17,PI 656017,86,7,SN
7184,44,17,PI 564165,72,7,SN
7185,45,17,PI 656052,59,7,SN
7186,46,17,PI 533814,72,7,SN
7188,48,17,PI 533833,62,7,SN
7189,49,17,PI 533989,68,7,SN
7190,50,17,PI 576393,57,7,SN
7191,51,17,PI 152651,50,7,SN
7192,52,17,PI 656039,68,7,SN
7193,53,17,PI 533754,56,7,SN
7194,54,17,PI 656036,71,7,SN
7195,55,17,PI 656116,50,7,SN
7196,43,16,PI 533939,60,7,SN
7197,44,16,PI 655978,65,7,SN
7198,45,16,PI 533869,63,7,SN
7199,46,16,PI 576359,67,7,SN
7200,47,16,BTx623,56,7,SN
7201,48,16,BTx623,57,7,SN
7202,49,16,PI 533757,66,7,SN
7203,50,16,BTx623,59,7,SN
7204,51,16,PI 597957,63,7,SN
7205,52,16,PI 576399,62,7,SN
7206,53,16,PI 656024,71,7,SN
7207,54,16,PI 533967,67,7,SN
7208,55,16,PI 598069,79,7,SN
7209,43,15,PI 656069,77,7,SN
7210,44,15,PI 595714,63,7,SN
7211,45,15,BTx623,62,7,SN
7212,46,15,PI 533911,62,7,SN
7213,47,15,PI 533985,64,7,SN
7214,48,15,PI 534133,69,7,SN
7215,49,15,PI 533760,62,7,SN
7216,50,15,PI 597960,66,7,SN
7217,51,15,PI 656049,67,7,SN
7218,52,15,PI 656059,64,7,SN
7219,53,15,PI 533855,63,7,SN
7220,54,15,BTx623,56,7,SN
7221,55,15,PI 655977,63,7,SN
7222,43,14,PI 533986,60,7,SN
7223,44,14,PI 533943,64,7,SN
7224,45,14,PI 597971,60,7,SN
7225,46,14,PI 561072,68,7,SN
7226,47,14,PI 576364,58,7,SN
7227,48,14,PI 564163,63,7,SN
7228,49,14,PI 533913,60,7,SN
7229,50,14,PI 534127,64,7,SN
7230,51,14,PI 656070,71,7,SN
7231,52,14,PI 533991,63,7,SN
7232,53,14,PI 533996,59,7,SN
7233,54,14,BTx623,61,7,SN
7234,55,14,PI 576333,64,7,SN
7235,43,13,BTx623,63,7,SN
7236,44,13,PI 656058,64,7,SN
7237,45,13,BTx623,60,7,SN
7238,46,13,PI 533878,66,7,SN
7239,47,13,PI 576380,69,7,SN
7240,48,13,PI 576435,63,7,SN
7241,49,13,PI 613536,57,7,SN
7242,50,13,PI 595702,59,7,SN
7243,51,13,PI 656109,53,7,SN
7244,52,13,PI 597973,63,7,SN
7245,53,13,PI 656053,66,7,SN
7246,54,13,PI 533948,60,7,SN
7247,55,13,PI 656119,60,7,SN
7249,44,12,PI 533961,63,7,SN
7250,45,12,BTx623,60,7,SN
7251,46,12,PI 534108,63,7,SN
7252,47,12,PI 576345,65,7,SN
7253,48,12,PI 642793,63,7,SN
7254,49,12,PI 534123,57,7,SN
7255,50,12,PI 534128,64,7,SN
7256,51,12,BTx623,60,7,SN
7257,52,12,PI 576390,55,7,SN
7258,53,12,PI 533841,64,7,SN
7259,54,12,PI 534148,64,7,SN
7260,55,12,PI 656034,64,7,SN
7261,43,11,PI 534137,63,7,SN
7262,44,11,PI 576425,63,7,SN
7263,45,11,PI 656108,56,7,SN
7264,46,11,PI 655993,63,7,SN
7265,47,11,PI 17548,59,7,SN
7266,48,11,PI 656091,73,7,SN
7267,49,11,PI 641849,50,7,SN
7268,50,11,PI 656096,56,7,SN
7269,51,11,BTx623,59,7,SN
7270,52,11,PI 656046,63,7,SN
7271,53,11,BTx623,58,7,SN
7272,54,11,BTx623,59,7,SN
7273,55,11,PI 655972,63,7,SN
7274,43,10,PI 656068,68,7,SN
7275,44,10,PI 533955,59,7,SN
7276,45,10,PI 597968,57,7,SN
7277,46,10,PI 656005,62,7,SN
7278,47,10,PI 656025,60,7,SN
7279,48,10,PI 656099,78,7,SN
7280,49,10,PI 533752,64,7,SN
7281,50,10,PI 534063,60,7,SN
7282,51,10,PI 576339,58,7,SN
7283,52,10,PI 656021,62,7,SN
7284,53,10,PI 533852,63,7,SN
7285,54,10,PI 576394,63,7,SN
7286,55,10,PI 534116,62,7,SN
7287,43,9,PI 533921,60,7,SN
7288,44,9,PI 533856,70,7,SN
7289,45,9,PI 576366,52,7,SN
7290,46,9,PI 656071,69,7,SN
7291,47,9,PI 564164,68,7,SN
7292,48,9,PI 576401,69,7,SN
7293,49,9,PI 534139,56,7,SN
7294,50,9,PI 659753,75,7,SN
7295,51,9,PI 597972,59,7,SN
7296,52,9,PI 656078,59,7,SN
7297,53,9,PI 595741,56,7,SN
7298,54,9,PI 534099,63,7,SN
7299,55,9,PI 656120,63,7,SN
7300,43,8,PI 656089,53,7,SN
7301,44,8,PI 597949,71,7,SN
7302,45,8,PI 656010,63,7,SN
7303,46,8,PI 533810,71,7,SN
7304,47,8,PI 642791,66,7,SN
7305,48,8,PI 656028,65,7,SN
7306,49,8,BTx623,60,7,SN
7307,50,8,PI 655973,65,7,SN
7308,51,8,PI 576418,66,7,SN
7309,52,8,PI 534070,56,7,SN
7310,53,8,PI 656088,63,7,SN
7311,54,8,PI 597950,55,7,SN
7312,55,8,PI 534132,63,7,SN
7314,44,7,PI 534101,61,7,SN
7315,45,7,PI 533830,55,7,SN
7316,46,7,PI 533937,59,7,SN
7317,47,7,BTx623,60,7,SN
7318,48,7,PI 329440,62,7,SN
7319,49,7,PI 576385,53,7,SN
7320,50,7,PI 656051,69,7,SN
7321,51,7,PI 576396,62,7,SN
7322,52,7,BTx623,59,7,SN
7323,53,7,PI 597964,66,7,SN
7324,54,7,PI 597961,58,7,SN
7325,55,7,PI 656019,53,7,SN
7326,43,6,PI 656086,65,7,SN
7327,44,6,PI 534053,66,7,SN
7328,45,6,PI 576340,65,7,SN
7329,46,6,PI 655999,63,7,SN
7330,47,6,PI 534155,69,7,SN
7331,48,6,PI 534097,60,7,SN
7332,49,6,BTx623,59,7,SN
7333,50,6,PI 534105,64,7,SN
7334,51,6,PI 629059,66,7,SN
7335,52,6,PI 561472,71,7,SN
7336,53,6,PI 656077,55,7,SN
7337,54,6,PI 576337,63,7,SN
7338,55,6,PI 533976,63,7,SN
7339,43,5,PI 533919,64,7,SN
7340,44,5,PI 656085,50,7,SN
7341,45,5,BTx623,59,7,SN
7342,46,5,PI 597945,76,7,SN
7343,47,5,PI 552861,62,7,SN
7344,48,5,PI 533785,59,7,SN
7345,49,5,PI 533902,69,7,SN
7346,50,5,PI 534135,76,7,SN
7347,51,5,PI 655994,60,7,SN
7348,52,5,PI 533979,56,7,SN
7349,53,5,PI 659693,50,7,SN
7350,54,5,PI 655998,57,7,SN
7351,55,5,BTx623,60,7,SN
7352,43,4,PI 642992,66,7,SN
7353,44,4,PI 561073,71,7,SN
7354,45,4,PI 656004,64,7,SN
7355,46,4,PI 609456,87,7,SN
7356,47,4,PI 656102,59,7,SN
7357,48,4,PI 534157,67,7,SN
7358,49,4,PI 534138,70,7,SN
7359,50,4,PI 534114,68,7,SN
7360,51,4,PI 533824,66,7,SN
7361,52,4,BTx623,56,7,SN
7362,53,4,PI 656048,64,7,SN
7363,54,4,BTx623,56,7,SN
7364,55,4,PI 533863,63,7,SN
7365,43,3,BTx623,59,7,SN
7366,44,3,PI 533912,48,7,SN
7367,45,3,PI 534021,76,7,SN
7368,46,3,PI 576373,63,7,SN
7369,47,3,PI 642998,65,7,SN
7370,48,3,BTx623,59,7,SN
7371,49,3,PI 534112,67,7,SN
7372,50,3,PI 533750,63,7,SN
7373,51,3,PI 656050,60,7,SN
7374,52,3,PI 533972,68,7,SN
7375,53,3,PI 656061,67,7,SN
7376,54,3,PI 659694,67,7,SN
7377,55,3,PI 597965,60,7,SN
7381,46,2,PI 597952,64,7,SN
7382,47,2,PI 533910,59,7,SN
7383,48,2,PI 656056,72,7,SN
7384,49,2,PI 534054,69,7,SN
7389,54,2,PI 595699,64,7,SN
7390,55,2,PI 656006,72,7,SN
8001,57,31,PI 655975,71,8,NN
8003,59,31,PI 533924,69,8,NN
8008,64,31,PI 656117,73,8,NN
8009,65,31,PI 595739,67,8,NN
8010,66,31,PI 656057,82,8,NN
8011,67,31,PI 655976,63,8,NN
8014,57,30,PI 576352,63,8,NN
8015,58,30,BTx623,65,8,NN
8016,59,30,PI 656081,74,8,NN
8017,60,30,PI 656121,62,8,NN
8018,61,30,PI 533962,68,8,NN
8019,62,30,PI 656118,73,8,NN
8020,63,30,PI 534115,65,8,NN
8021,64,30,PI 597951,63,8,NN
8022,65,30,PI 656079,69,8,NN
8024,67,30,PI 656029,81,8,NN
8025,68,30,BTx623,69,8,NN
8026,69,30,PI 576422,67,8,NN
8027,57,29,PI 656100,74,8,NN
8028,58,29,PI 542718,61,8,NN
8029,59,29,PI 656020,62,8,NN
8030,60,29,PI 276837,61,8,NN
8031,61,29,PI 533936,61,8,NN
8032,62,29,PI 595718,59,8,NN
8033,63,29,PI 655970,69,8,NN
8034,64,29,PI 533755,68,8,NN
8035,65,29,PI 533766,60,8,NN
8036,66,29,PI 656009,76,8,NN
8037,67,29,PI 656016,64,8,NN
8038,68,29,BTx623,65,8,NN
8039,69,29,PI 655979,61,8,NN
8040,57,28,PI 533980,73,8,NN
8041,58,28,PI 533901,69,8,NN
8042,59,28,PI 597976,63,8,NN
8043,60,28,PI 533807,71,8,NN
8045,62,28,PI 534124,64,8,NN
8046,63,28,PI 656075,74,8,NN
8047,64,28,PI 48770,71,8,NN
8048,65,28,PI 534096,73,8,NN
8049,66,28,PI 656011,75,8,NN
8050,67,28,PI 656037,73,8,NN
8051,68,28,PI 534117,64,8,NN
8052,69,28,PI 597980,62,8,NN
8053,57,27,PI 656060,62,8,NN
8054,58,27,PI 601816,75,8,NN
8055,59,27,PI 533927,69,8,NN
8056,60,27,BTx623,64,8,NN
8057,61,27,PI 656055,71,8,NN
8058,62,27,PI 576386,76,8,NN
8059,63,27,PI 533769,62,8,NN
8060,64,27,BTx623,63,8,NN
8061,65,27,PI 533794,65,8,NN
8062,66,27,PI 656031,72,8,NN
8063,67,27,PI 656093,71,8,NN
8064,68,27,PI 656076,72,8,NN
8065,69,27,PI 656072,82,8,NN
8066,57,26,PI 595720,61,8,NN
8067,58,26,PI 534009,78,8,NN
8068,59,26,PI 656110,69,8,NN
8069,60,26,PI 656111,68,8,NN
8070,61,26,PI 655981,69,8,NN
8071,62,26,PI 533821,65,8,NN
8072,63,26,PI 656095,63,8,NN
8073,64,26,PI 534144,69,8,NN
8074,65,26,PI 629040,71,8,NN
8075,66,26,PI 533998,71,8,NN
8076,67,26,PI 533845,66,8,NN
8077,68,26,BTx623,67,8,NN
8078,69,26,BTx623,67,8,NN
8079,57,25,PI 656030,49,8,NN
8080,58,25,PI 533970,66,8,NN
8081,59,25,BTx623,67,8,NN
8082,60,25,BTx623,64,8,NN
8083,61,25,PI 656087,57,8,NN
8084,62,25,PI 533759,66,8,NN
8085,63,25,PI 533956,62,8,NN
8086,64,25,PI 533940,64,8,NN
8087,65,25,PI 651496,81,8,NN
8088,66,25,PI 656008,75,8,NN
8089,67,25,PI 534047,56,8,NN
8090,68,25,PI 656104,65,8,NN
8091,69,25,PI 656080,66,8,NN
8092,57,24,PI 534104,68,8,NN
8093,58,24,PI 656114,63,8,NN
8094,59,24,PI 607931,74,8,NN
8095,60,24,PI 656022,66,8,NN
8096,61,24,PI 655971,59,8,NN
8097,62,24,PI 656000,63,8,NN
8098,63,24,PI 576376,66,8,NN
8099,64,24,PI 576130,76,8,NN
8100,65,24,PI 533987,61,8,NN
8101,66,24,PI 576350,56,8,NN
8102,67,24,PI 533915,66,8,NN
8103,68,24,PI 656032,81,8,NN
8104,69,24,PI 534163,72,8,NN
8105,57,23,PI 533838,54,8,NN
8106,58,23,PI 34911,76,8,NN
8107,59,23,BTx623,65,8,NN
8108,60,23,PI 656012,79,8,NN
8109,61,23,PI 597982,57,8,NN
8110,62,23,PI 576437,63,8,NN
8111,63,23,PI 533997,59,8,NN
8112,64,23,PI 655995,69,8,NN
8113,65,23,PI 656043,73,8,NN
8114,66,23,PI 659695,71,8,NN
8115,67,23,BTx623,67,8,NN
8116,68,23,PI 655996,72,8,NN
8117,69,23,PI 533938,64,8,NN
8118,57,22,PI 574455,78,8,NN
8119,58,22,PI 533776,72,8,NN
8120,59,22,PI 576428,73,8,NN
8121,60,22,PI 576349,73,8,NN
8122,61,22,PI 533842,79,8,NN
8123,62,22,PI 656090,68,8,NN
8124,63,22,BTx623,66,8,NN
8125,64,22,PI 597958,70,8,NN
8126,65,22,PI 533989,73,8,NN
8127,66,22,PI 597946,59,8,NN
8128,67,22,BTx623,71,8,NN
8129,68,22,PI 656018,76,8,NN
8130,69,22,PI 656007,73,8,NN
8131,57,21,PI 576375,73,8,NN
8132,58,21,PI 576426,76,8,NN
8133,59,21,PI 656062,78,8,NN
8134,60,21,PI 656026,79,8,NN
8135,61,21,PI 656003,71,8,NN
8136,62,21,PI 533957,67,8,NN
8137,63,21,PI 534145,59,8,NN
8139,65,21,PI 655992,64,8,NN
8140,66,21,PI 656036,76,8,NN
8141,67,21,PI 656035,67,8,NN
8142,68,21,BTx623,65,8,NN
8143,69,21,PI 595745,64,8,NN
8144,57,20,PI 655997,73,8,NN
8145,58,20,PI 565121,79,8,NN
8146,59,20,PI 533964,78,8,NN
8147,60,20,PI 656042,78,8,NN
8148,61,20,PI 655974,69,8,NN
8149,62,20,BTx623,69,8,NN
8150,63,20,PI 576381,72,8,NN
8151,64,20,PI 534046,63,8,NN
8152,65,20,PI 597967,69,8,NN
8153,66,20,PI 548797,75,8,NN
8154,67,20,BTx623,71,8,NN
8155,68,20,PI 656001,76,8,NN
8156,69,20,PI 533954,63,8,NN
8157,57,19,PI 656013,65,8,NN
8158,58,19,PI 534037,62,8,NN
8159,59,19,BTx623,63,8,NN
8160,60,19,PI 533903,66,8,NN
8161,61,19,PI 656094,61,8,NN
8162,62,19,PI 533965,69,8,NN
8163,63,19,PI 656097,81,8,NN
8164,64,19,PI 656116,50,8,NN
8165,65,19,PI 656040,76,8,NN
8166,66,19,PI 597966,62,8,NN
8167,67,19,PI 533866,71,8,NN
8168,68,19,PI 533814,73,8,NN
8169,69,19,PI 533757,69,8,NN
8170,57,18,PI 533761,75,8,NN
8171,58,18,PI 641874,64,8,NN
8173,60,18,BTx623,64,8,NN
8174,61,18,PI 656002,69,8,NN
8175,62,18,PI 659691,81,8,NN
8176,63,18,PI 533967,73,8,NN
8177,64,18,BTx623,65,8,NN
8178,65,18,PI 576332,69,8,NN
8179,66,18,PI 656074,68,8,NN
8180,67,18,PI 533758,72,8,NN
8181,68,18,PI 656106,69,8,NN
8182,69,18,PI 533799,69,8,NN
8183,57,17,PI 533760,66,8,NN
8184,58,17,PI 152651,58,8,NN
8185,59,17,PI 533939,66,8,NN
8186,60,17,BTx623,65,8,NN
8187,61,17,PI 533949,62,8,NN
8188,62,17,PI 533839,66,8,NN
8189,63,17,PI 576348,67,8,NN
8190,64,17,PI 656119,57,8,NN
8191,65,17,PI 533869,65,8,NN
8192,66,17,PI 534148,71,8,NN
8193,67,17,PI 534108,67,8,NN
8194,68,17,PI 576359,69,8,NN
8195,69,17,PI 656082,76,8,NN
8196,57,16,PI 656070,71,8,NN
8197,58,16,PI 576399,63,8,NN
8198,59,16,PI 533855,64,8,NN
8199,60,16,PI 533833,64,8,NN
8200,61,16,PI 595743,73,8,NN
8201,62,16,PI 656107,69,8,NN
8202,63,16,PI 595740,71,8,NN
8203,64,16,BTx623,63,8,NN
8204,65,16,BTx623,63,8,NN
8205,66,16,PI 534127,64,8,NN
8206,67,16,PI 576393,58,8,NN
8207,68,16,PI 659696,64,8,NN
8208,69,16,PI 656105,66,8,NN
8209,57,15,PI 655972,68,8,NN
8210,58,15,PI 597960,69,8,NN
8211,59,15,PI 533985,67,8,NN
8212,60,15,PI 533991,66,8,NN
8213,61,15,PI 656034,75,8,NN
8214,62,15,BTx623,66,8,NN
8215,63,15,PI 656058,74,8,NN
8216,64,15,PI 656052,64,8,NN
8217,65,15,PI 576345,73,8,NN
8218,66,15,PI 655978,71,8,NN
8219,67,15,BTx623,69,8,NN
8220,68,15,PI 656109,62,8,NN
8221,69,15,PI 533911,69,8,NN
8223,58,14,PI 576333,66,8,NN
8224,59,14,PI 595702,63,8,NN
8225,60,14,PI 656049,75,8,NN
8226,61,14,PI 533943,67,8,NN
8227,62,14,PI 613536,62,8,NN
8228,63,14,PI 641849,50,8,NN
8229,64,14,PI 533948,63,8,NN
8230,65,14,PI 534133,69,8,NN
8231,66,14,PI 642793,64,8,NN
8232,67,14,PI 564165,76,8,NN
8233,68,14,PI 17548,63,8,NN
8234,69,14,BTx623,66,8,NN
8235,57,13,PI 576380,66,8,NN
8236,58,13,PI 656059,69,8,NN
8237,59,13,PI 533878,58,8,NN
8238,60,13,PI 597971,63,8,NN
8239,61,13,PI 533754,63,8,NN
8240,62,13,PI 533913,63,8,NN
8241,63,13,PI 656069,76,8,NN
8242,64,13,PI 656053,68,8,NN
8243,65,13,PI 597973,69,8,NN
8244,66,13,PI 656039,75,8,NN
8245,67,13,PI 656091,79,8,NN
8246,68,13,PI 655977,67,8,NN
8247,69,13,PI 656024,79,8,NN
8248,57,12,PI 656028,67,8,NN
8249,58,12,PI 656010,63,8,NN
8250,59,12,PI 533752,62,8,NN
8251,60,12,PI 561072,67,8,NN
8252,61,12,PI 576364,63,8,NN
8253,62,12,PI 533996,64,8,NN
8254,63,12,PI 534123,63,8,NN
8255,64,12,PI 534063,63,8,NN
8256,65,12,PI 576339,58,8,NN
8257,66,12,PI 597972,63,8,NN
8258,67,12,PI 576394,62,8,NN
8259,68,12,PI 655993,67,8,NN
8260,69,12,PI 533986,66,8,NN
8261,57,11,PI 533961,59,8,NN
8262,58,11,PI 564164,69,8,NN
8263,59,11,PI 533955,59,8,NN
8264,60,11,PI 564163,66,8,NN
8265,61,11,PI 597957,64,8,NN
8266,62,11,BTx623,63,8,NN
8267,63,11,BTx623,63,8,NN
8268,64,11,PI 656019,55,8,NN
8269,65,11,PI 656096,60,8,NN
8270,66,11,PI 533921,66,8,NN
8271,67,11,BTx623,66,8,NN
8272,68,11,PI 576435,65,8,NN
8273,69,11,PI 595714,64,8,NN
8274,57,10,PI 656078,66,8,NN
8275,58,10,PI 576390,63,8,NN
8276,59,10,BTx623,64,8,NN
8277,60,10,PI 576401,76,8,NN
8278,61,10,PI 656120,68,8,NN
8279,62,10,PI 576337,66,8,NN
8280,63,10,PI 576385,59,8,NN
8281,64,10,PI 656021,63,8,NN
8282,65,10,PI 534139,59,8,NN
8283,66,10,PI 597949,76,8,NN
8284,67,10,PI 656108,59,8,NN
8285,68,10,BTx623,64,8,NN
8286,69,10,PI 576366,53,8,NN
8287,57,9,PI 533856,74,8,NN
8288,58,9,PI 534097,63,8,NN
8289,59,9,PI 533976,66,8,NN
8290,60,9,PI 534070,55,8,NN
8291,61,9,PI 533841,68,8,NN
8292,62,9,PI 533852,63,8,NN
8293,63,9,BTx623,59,8,NN
8294,64,9,PI 656099,81,8,NN
8295,65,9,PI 597950,56,8,NN
8296,66,9,PI 659753,80,8,NN
8297,67,9,BTx623,64,8,NN
8298,68,9,PI 656089,62,8,NN
8299,69,9,PI 576425,64,8,NN
8300,57,8,PI 534137,65,8,NN
8301,58,8,PI 534132,64,8,NN
8302,59,8,PI 597961,62,8,NN
8303,60,8,PI 656046,64,8,NN
8304,61,8,PI 595741,67,8,NN
8305,62,8,PI 656005,63,8,NN
8306,63,8,PI 656068,73,8,NN
8308,65,8,BTx623,64,8,NN
8309,66,8,PI 655973,65,8,NN
8310,67,8,PI 533937,63,8,NN
8311,68,8,PI 655999,68,8,NN
8312,69,8,PI 576418,67,8,NN
8313,57,7,PI 533902,74,8,NN
8314,58,7,PI 629059,62,8,NN
8315,59,7,PI 552861,63,8,NN
8316,60,7,PI 534099,65,8,NN
8317,61,7,PI 656088,64,8,NN
8318,62,7,PI 656025,62,8,NN
8319,63,7,BTx623,60,8,NN
8320,64,7,PI 533863,64,8,NN
8321,65,7,PI 534021,73,8,NN
8322,66,7,PI 597964,66,8,NN
8323,67,7,PI 656077,60,8,NN
8324,68,7,PI 534155,67,8,NN
8325,69,7,PI 534128,71,8,NN
8326,57,6,PI 656051,77,8,NN
8327,58,6,PI 329435,76,8,NN
8328,59,6,PI 533824,71,8,NN
8329,60,6,PI 533810,79,8,NN
8330,61,6,PI 597968,63,8,NN
8331,62,6,PI 642791,73,8,NN
8332,63,6,PI 534116,62,8,NN
8333,64,6,PI 576340,61,8,NN
8334,65,6,PI 659693,50,8,NN
8335,66,6,PI 642998,67,8,NN
8336,67,6,PI 561073,78,8,NN
8337,68,6,PI 656071,72,8,NN
8338,69,6,PI 329440,66,8,NN
8339,57,5,BTx623,59,8,NN
8340,58,5,PI 655994,62,8,NN
8341,59,5,PI 533979,59,8,NN
8342,60,5,PI 533919,67,8,NN
8343,61,5,BTx623,63,8,NN
8344,62,5,PI 656056,76,8,NN
8345,63,5,PI 597952,64,8,NN
8346,64,5,PI 656085,57,8,NN
8347,65,5,PI 534054,69,8,NN
8348,66,5,BTx623,63,8,NN
8349,67,5,PI 656048,75,8,NN
8350,68,5,BTx623,64,8,NN
8351,69,5,PI 642992,74,8,NN
8352,57,4,PI 585295,72,8,NN
8353,58,4,PI 656102,64,8,NN
8355,60,4,PI 533910,64,8,NN
8356,61,4,BTx623,66,8,NN
8357,62,4,PI 659694,75,8,NN
8358,63,4,PI 534053,72,8,NN
8359,64,4,PI 656086,69,8,NN
8360,65,4,PI 595744,63,8,NN
8361,66,4,PI 656115,63,8,NN
8362,67,4,PI 656014,73,8,NN
8363,68,4,PI 597965,64,8,NN
8364,69,4,PI 656023,73,8,NN
8365,57,3,PI 534138,76,8,NN
8366,58,3,PI 534105,63,8,NN
8367,59,3,PI 534114,69,8,NN
8368,60,3,PI 533750,64,8,NN
8369,61,3,PI 561472,77,8,NN
8370,62,3,PI 576373,67,8,NN
8371,63,3,PI 595699,70,8,NN
8372,64,3,PI 533912,50,8,NN
8373,65,3,PI 533972,73,8,NN
8374,66,3,PI 656061,69,8,NN
8375,67,3,PI 534157,72,8,NN
8376,68,3,PI 534101,68,8,NN
8377,69,3,PI 576396,64,8,NN
8381,60,2,PI 656004,75,8,NN
8382,61,2,BTx623,66,8,NN
8383,62,2,PI 656006,80,8,NN
8384,63,2,PI 534135,85,8,NN
8389,68,2,PI 576387,67,8,NN
8390,69,2,BTx623,65,8,NN
9535,18,1,BTx623,60,5,SN
9536,19,1,PI 656056,71,5,SN
9537,20,1,PI 597952,60,5,SN
9538,21,1,PI 656085,NA,5,SN
9539,22,1,PI 656115,60,5,SN
9540,23,1,PI 656023,NA,5,SN
9541,24,1,PI 534105,59,5,SN
9542,25,1,PI 533902,69,5,SN
9635,32,1,BTx623,63,6,NN
9636,33,1,PI 655973,64,6,NN
9637,34,1,PI 48770,65,6,NN
9638,35,1,PI 533878,71,6,NN
9643,40,1,PI 574455,65,6,NN
9644,41,1,PI 576349,77,6,NN
9679,39,32,PI 656078,67,6,NN
9682,36,32,PI 597968,79,6,NN
9736,47,1,PI 595744,60,7,SN
9737,48,1,PI 656023,63,7,SN
9738,49,1,PI 329435,63,7,SN
9739,50,1,PI 576387,62,7,SN
9744,55,1,PI 656014,66,7,SN
9778,54,32,PI 533936,65,7,SN
9780,52,32,PI 576352,67,7,SN
9786,46,32,PI 656041,73,7,SN
9787,45,32,PI 533807,73,7,SN
9835,60,1,PI 609456,62,8,NN
9836,61,1,PI 533830,72,8,NN
9837,62,1,PI 656050,65,8,NN
9838,63,1,PI 533785,63,8,NN
9843,68,1,PI 534112,71,8,NN
9844,69,1,PI 655998,62,8,NN
9879,67,32,BTx623,67,8,NN
9880,66,32,PI 576347,58,8,NN
9881,65,32,PI 533789,75,8,NN
9882,64,32,PI 656027,98,8,NN
9888,58,32,PI 656041,76,8,NN
9889,57,32,PI 656044,75,8,NN
