Plot,PI
1,PI 659692
2,PI 152651
3,PI 17548
4,PI 24969
5,PI 276837
6,PI 329435
7,PI 329440
8,PI 34911
9,PI 35038
10,PI 48770
11,PI 533750
12,PI 533752
13,PI 533754
14,PI 533755
15,PI 533757
16,PI 533758
17,PI 533759
18,PI 533760
19,PI 533761
20,PI 533762
21,PI 533766
22,PI 533769
23,PI 533776
24,PI 533785
25,PI 533788
26,PI 533789
27,PI 533792
28,PI 533794
29,PI 533799
30,PI 533800
31,PI 533807
32,PI 533810
33,Check
34,PI 533814
35,PI 533821
36,PI 533822
37,PI 533824
38,PI 533830
39,PI 533831
40,PI 533833
41,PI 533838
42,PI 533839
43,PI 533839
44,PI 533841
45,PI 533842
46,PI 533843
47,PI 533845
48,PI 533852
49,Check
50,PI 533855
51,PI 533856
52,PI 533863
53,PI 533866
54,PI 533869
55,PI 533871
56,PI 533876
57,PI 533877
58,PI 533878
59,PI 533882
60,Check
61,PI 533901
62,PI 533902
63,PI 533903
64,PI 533910
65,PI 533911
66,PI 533912
67,PI 533913
68,PI 533915
69,PI 533919
70,PI 533921
71,PI 533924
72,PI 533927
73,PI 533936
74,Check
75,PI 533937
76,PI 533938
77,PI 533939
78,PI 533940
79,PI 533943
80,PI 533948
81,PI 533949
82,PI 533954
83,PI 533955
84,PI 533956
85,PI 533957
86,PI 533961
87,PI 533962
88,PI 533964
89,PI 533965
90,PI 533967
91,PI 533970
92,PI 533972
93,PI 533976
94,PI 533979
95,PI 533980
96,PI 533985
97,PI 533986
98,PI 533987
99,PI 533989
100,PI 533991
101,PI 533996
102,PI 533997
103,PI 533998
104,PI 534009
105,PI 534021
106,PI 534028
107,PI 534037
108,PI 534046
109,PI 534047
110,PI 534053
111,PI 534054
112,PI 534063
113,PI 534070
114,PI 534075
115,PI 534079
116,PI 534088
117,PI 534092
118,Check
119,PI 534096
120,PI 534097
121,PI 534099
122,PI 534101
123,PI 534104
124,PI 534105
125,PI 534108
126,PI 534112
127,PI 534114
128,PI 534115
129,PI 534116
130,PI 534117
131,PI 534123
132,PI 534124
133,PI 534127
134,PI 534128
135,PI 534132
136,PI 534133
137,PI 534135
138,PI 534137
139,Check
140,PI 534138
141,PI 534139
142,PI 534144
143,PI 534145
144,PI 534148
145,PI 534155
146,PI 534157
147,PI 534163
148,PI 534167
149,PI 540816
150,PI 542406
151,PI 542718
152,PI 548797
153,PI 552856
154,PI 552861
155,Check
156,PI 561071
157,PI 561072
158,PI 561073
159,PI 561472
160,PI 564163
161,PI 564164
162,PI 564165
163,PI 565121
164,PI 566819
165,PI 574455
166,PI 576130
167,PI 576332
168,PI 576333
169,PI 576337
170,PI 576339
171,PI 576340
172,PI 576345
173,PI 576347
174,PI 576348
175,PI 576349
176,PI 576350
177,PI 576352
178,Check
179,PI 576359
180,PI 576364
181,PI 576366
182,Check
183,PI 576373
184,PI 576375
185,PI 576376
186,PI 576380
187,PI 576381
188,PI 576385
189,PI 576386
190,PI 576387
191,PI 576390
192,PI 576391
193,Check
194,PI 576393
195,PI 576394
196,PI 576396
197,PI 576399
198,PI 576401
199,PI 576418
200,PI 576422
201,PI 576425
202,PI 576426
203,PI 576428
204,PI 576434
205,PI 576435
206,PI 576437
207,PI 585291
208,PI 585295
209,PI 595699
210,PI 595702
211,PI 595714
212,PI 595718
213,PI 595720
214,PI 595739
215,PI 595740
216,PI 595741
217,PI 595743
218,PI 595744
219,PI 595745
220,PI 597945
221,Check
222,PI 597946
223,PI 597949
224,PI 597950
225,PI 597951
226,PI 597952
227,PI 597957
228,PI 597958
229,PI 597960
230,PI 597961
231,PI 597964
232,PI 597965
233,Check
234,PI 597966
235,Check
236,PI 597967
237,PI 597968
238,PI 597971
239,PI 597972
240,PI 597973
241,PI 597976
242,PI 597980
243,PI 597982
244,PI 598069
245,PI 598070
246,PI 601816
247,PI 607931
248,PI 609456
249,PI 613536
250,PI 629034
251,PI 629040
252,PI 629059
253,PI 641824
254,PI 641836
255,PI 641849
256,PI 641874
257,PI 642791
258,PI 642793
259,PI 642992
260,PI 642998
261,PI 651492
262,PI 651496
263,PI 653616
264,PI 653617
265,PI 655970
266,PI 655971
267,PI 655972
268,PI 655973
269,PI 655974
270,PI 655975
271,PI 655976
272,PI 655977
273,PI 655978
274,PI 655979
275,PI 655980
276,PI 655981
277,PI 655982
278,PI 655983
279,PI 655984
280,Check
281,PI 655985
282,PI 655986
283,PI 655987
284,PI 655988
285,PI 655989
286,PI 655990
287,PI 655991
288,PI 655992
289,PI 655993
290,PI 655994
291,PI 655995
292,PI 655996
293,PI 655997
294,PI 655998
295,PI 655999
296,PI 656000
297,PI 656001
298,PI 656002
299,PI 656003
300,PI 656004
301,PI 656005
302,PI 656006
303,PI 656007
304,PI 656008
305,PI 656009
306,PI 656010
307,PI 656011
308,PI 656012
309,PI 656013
310,PI 656014
311,PI 656015
312,PI 656016
313,PI 656017
314,PI 656018
315,PI 656019
316,PI 656020
317,PI 656021
318,PI 656022
319,PI 656023
320,PI 656024
321,PI 656025
322,PI 656026
323,PI 656027
324,PI 656028
325,Check
326,PI 656029
327,PI 656030
328,PI 656031
329,PI 656032
330,PI 656033
331,PI 656034
332,PI 656035
333,PI 656036
334,PI 656037
335,PI 656038
336,PI 656039
337,PI 656040
338,PI 656041
339,PI 656042
340,PI 656043
341,PI 656044
342,Check
343,PI 656046
344,PI 656047
345,PI 656048
346,PI 656049
347,PI 656050
348,PI 656051
349,PI 656052
350,PI 656053
351,Check
352,PI 656054
353,PI 656055
354,PI 656056
355,PI 656057
356,Check
357,PI 656058
358,PI 656059
359,PI 656060
360,PI 656061
361,PI 656062
362,PI 656064
363,PI 656065
364,Check
365,PI 656066
366,PI 656067
367,PI 656068
368,PI 656069
369,Check
370,PI 656070
371,PI 656071
372,PI 656072
373,PI 656073
374,PI 656074
375,PI 656075
376,PI 656076
377,PI 656077
378,PI 656078
379,PI 656079
380,PI 656080
381,PI 656081
382,PI 656082
383,PI 656083
384,PI 656085
385,PI 656086
386,PI 656087
387,PI 656088
388,PI 656089
389,PI 656090
390,PI 656091
391,PI 656092
392,PI 656093
393,PI 656094
394,PI 656095
395,PI 656096
396,PI 656097
397,PI 656098
398,Check
399,PI 656099
400,PI 656100
401,PI 656101
402,PI 656102
403,PI 656103
404,PI 656104
405,PI 656105
406,PI 656106
407,PI 656107
408,PI 656108
409,PI 656109
410,PI 656110
411,PI 656111
412,Check
413,PI 656112
414,PI 656113
415,PI 656114
416,PI 656115
417,PI 656116
418,PI 656117
419,PI 656118
420,PI 656119
421,PI 656120
422,PI 656121
423,PI 659691
424,PI 659693
425,PI 659694
426,PI 659695
427,PI 659696
428,PI 659753
