Plot,Row,Col,Asseccion,value,Block,Trt
5001,2,31,PI 656057,536.4,5,SN
5002,3,31,PI 656011,1142.4,5,SN
5003,4,31,PI 576347,NA,5,SN
5008,9,31,PI 533876,NA,5,SN
5009,10,31,BTx623,671.2,5,SN
5011,12,31,PI 533789,184.2,5,SN
5014,2,30,PI 534117,642.6,5,SN
5015,3,30,BTx623,855,5,SN
5016,4,30,BTx623,662.4,5,SN
5017,5,30,PI 533807,754.8,5,SN
5018,6,30,PI 533901,668.8,5,SN
5019,7,30,PI 597976,563.2,5,SN
5020,8,30,PI 533962,NA,5,SN
5022,10,30,BTx623,249.2,5,SN
5023,11,30,PI 656027,397.2,5,SN
5024,12,30,PI 656029,593.6,5,SN
5025,13,30,PI 48770,196.8,5,SN
5026,14,30,PI 656095,208,5,SN
5027,2,29,PI 576386,187.6,5,SN
5028,3,29,PI 656044,NA,5,SN
5029,4,29,PI 656037,1266.2,5,SN
5030,5,29,PI 656117,388.8,5,SN
5031,6,29,PI 533755,NA,5,SN
5032,7,29,PI 533766,NA,5,SN
5033,8,29,PI 533821,NA,5,SN
5034,9,29,PI 655979,152.6,5,SN
5035,10,29,PI 533769,NA,5,SN
5036,11,29,PI 656076,657.6,5,SN
5037,12,29,BTx623,981.2,5,SN
5038,13,29,PI 656041,445.2,5,SN
5039,14,29,PI 656020,235.2,5,SN
5040,2,28,PI 655976,887.4,5,SN
5041,3,28,BTx623,242.2,5,SN
5042,4,28,PI 534096,NA,5,SN
5043,5,28,PI 656079,252,5,SN
5044,6,28,PI 656072,599.5,5,SN
5045,7,28,PI 533980,347.2,5,SN
5046,8,28,BTx623,NA,5,SN
5047,9,28,PI 534124,NA,5,SN
5048,10,28,PI 595718,NA,5,SN
5049,11,28,PI 542718,376.2,5,SN
5050,12,28,PI 533800,610.3,5,SN
5051,13,28,PI 656118,NA,5,SN
5052,14,28,PI 534115,340,5,SN
5053,2,27,PI 656043,1142.4,5,SN
5054,3,27,PI 533838,89.1,5,SN
5055,4,27,PI 601816,148.8,5,SN
5056,5,27,PI 656111,1162.2,5,SN
5057,6,27,PI 533936,388.8,5,SN
5058,7,27,PI 656081,362.7,5,SN
5059,8,27,PI 656100,NA,5,SN
5060,9,27,PI 542406,NA,5,SN
5061,10,27,PI 655981,404.8,5,SN
5062,11,27,PI 597951,409.4,5,SN
5063,12,27,PI 656092,741.6,5,SN
5064,13,27,PI 276837,304,5,SN
5065,14,27,PI 656016,319.5,5,SN
5066,2,26,PI 576437,700.9,5,SN
5067,3,26,PI 534144,954,5,SN
5068,4,26,BTx623,775.6,5,SN
5069,5,26,PI 576352,315.7,5,SN
5070,6,26,PI 655975,1011.4,5,SN
5071,7,26,PI 533924,213.4,5,SN
5072,8,26,PI 595739,NA,5,SN
5073,9,26,PI 534104,NA,5,SN
5074,10,26,PI 659695,736.1,5,SN
5075,11,26,PI 597982,NA,5,SN
5076,12,26,PI 656032,NA,5,SN
5077,13,26,PI 656055,820.8,5,SN
5078,14,26,PI 656121,631.8,5,SN
5079,2,25,PI 656000,671.5,5,SN
5080,3,25,PI 533915,520.8,5,SN
5081,4,25,PI 656104,386.4,5,SN
5082,5,25,PI 651496,535.5,5,SN
5083,6,25,PI 595745,NA,5,SN
5084,7,25,PI 656060,611.8,5,SN
5085,8,25,PI 34911,NA,5,SN
5086,9,25,PI 656022,NA,5,SN
5087,10,25,BTx623,1044.4,5,SN
5088,11,25,PI 656080,193.2,5,SN
5089,12,25,PI 656090,135,5,SN
5090,13,25,PI 533842,48,5,SN
5091,14,25,PI 656018,1218.6,5,SN
5092,2,24,PI 533759,762.5,5,SN
5093,3,24,PI 533987,756.5,5,SN
5094,4,24,PI 576350,NA,5,SN
5095,5,24,PI 576376,382,5,SN
5096,6,24,PI 656093,121,5,SN
5097,7,24,PI 533957,695.2,5,SN
5098,8,24,BTx623,NA,5,SN
5099,9,24,PI 656007,NA,5,SN
5100,10,24,BTx623,787.5,5,SN
5101,11,24,PI 656110,921.6,5,SN
5102,12,24,PI 533998,NA,5,SN
5103,13,24,PI 534009,450.5,5,SN
5104,14,24,PI 534163,110.6,5,SN
5105,2,23,PI 655996,NA,5,SN
5106,3,23,PI 533794,578.4,5,SN
5107,4,23,BTx623,352,5,SN
5108,5,23,PI 629040,490.5,5,SN
5109,6,23,PI 656008,714.7,5,SN
5110,7,23,PI 533997,1168.2,5,SN
5111,8,23,PI 533970,NA,5,SN
5112,9,23,PI 656003,NA,5,SN
5113,10,23,PI 533956,193.9,5,SN
5114,11,23,PI 656012,1302.4,5,SN
5115,12,23,PI 656087,875.2,5,SN
5116,13,23,PI 533845,662.5,5,SN
5117,14,23,PI 534145,569.8,5,SN
5118,2,22,PI 656105,569.1,5,SN
5119,3,22,PI 598069,129.5,5,SN
5120,4,22,PI 576426,NA,5,SN
5121,5,22,PI 656030,296.8,5,SN
5122,6,22,PI 533938,NA,5,SN
5123,7,22,PI 607931,757.5,5,SN
5124,8,22,PI 576349,NA,5,SN
5125,9,22,PI 595720,NA,5,SN
5126,10,22,PI 656114,188,5,SN
5127,11,22,PI 656026,424.6,5,SN
5128,12,22,BTx623,147.6,5,SN
5129,13,22,PI 533940,354.2,5,SN
5130,14,22,PI 655995,70.5,5,SN
5131,2,21,PI 576375,1345.5,5,SN
5132,3,21,PI 533757,726.6,5,SN
5133,4,21,PI 576348,NA,5,SN
5134,5,21,PI 533927,52.8,5,SN
5135,6,21,PI 576130,386.4,5,SN
5136,7,21,PI 656031,765.8,5,SN
5137,8,21,BTx623,743.4,5,SN
5139,10,21,PI 533761,NA,5,SN
5140,11,21,PI 534046,2492.7,5,SN
5141,12,21,PI 533965,494.1,5,SN
5142,13,21,PI 534047,894.6,5,SN
5143,14,21,PI 655971,408.1,5,SN
5144,2,20,PI 655974,644.8,5,SN
5145,3,20,PI 533776,NA,5,SN
5146,4,20,PI 533866,673.6,5,SN
5147,5,20,PI 533903,NA,5,SN
5148,6,20,PI 548797,760.8,5,SN
5149,7,20,PI 576359,NA,5,SN
5150,8,20,PI 656036,NA,5,SN
5151,9,20,PI 656107,NA,5,SN
5152,10,20,PI 595743,214.2,5,SN
5153,11,20,PI 533814,NA,5,SN
5154,12,20,PI 565121,NA,5,SN
5155,13,20,PI 597946,705.6,5,SN
5156,14,20,PI 656040,204,5,SN
5157,2,19,PI 533799,591.6,5,SN
5158,3,19,PI 597958,608,5,SN
5159,4,19,PI 533877,126,5,SN
5160,5,19,PI 533954,237,5,SN
5161,6,19,PI 656116,551.1,5,SN
5162,7,19,BTx623,445.2,5,SN
5163,8,19,BTx623,NA,5,SN
5168,13,19,PI 576332,574,5,SN
5169,14,19,PI 595740,301.6,5,SN
5170,2,18,PI 656106,837.2,5,SN
5171,3,18,PI 574455,732.2,5,SN
5172,4,18,PI 533833,208,5,SN
5173,5,18,PI 641874,289.8,5,SN
5174,6,18,PI 656097,192.8,5,SN
5175,7,18,BTx623,979.5,5,SN
5177,9,18,PI 656035,303.8,5,SN
5178,10,18,PI 655997,NA,5,SN
5179,11,18,PI 576428,283,5,SN
5180,12,18,PI 576381,NA,5,SN
5181,13,18,PI 597967,586.3,5,SN
5182,14,18,PI 533989,334.1,5,SN
5183,2,17,PI 656053,764.4,5,SN
5184,3,17,PI 597971,540,5,SN
5185,4,17,PI 576399,754.8,5,SN
5186,5,17,BTx623,937.6,5,SN
5187,6,17,PI 533839,57,5,SN
5188,7,17,PI 659691,422.8,5,SN
5189,8,17,BTx623,766.7,5,SN
5190,9,17,BTx623,NA,5,SN
5194,13,17,PI 656001,721.5,5,SN
5195,14,17,PI 659696,464.8,5,SN
5196,2,16,BTx623,892,5,SN
5198,4,16,PI 533754,282,5,SN
5199,5,16,PI 656094,822,5,SN
5200,6,16,PI 533967,416.4,5,SN
5201,7,16,PI 534037,876,5,SN
5202,8,16,PI 533964,NA,5,SN
5203,9,16,PI 655992,NA,5,SN
5204,10,16,BTx623,1067.2,5,SN
5205,11,16,PI 656062,NA,5,SN
5206,12,16,PI 656002,707,5,SN
5207,13,16,PI 533949,802.8,5,SN
5208,14,16,PI 533758,543.6,5,SN
5209,2,15,PI 576364,996.2,5,SN
5210,3,15,BTx623,593.6,5,SN
5211,4,15,BTx623,781.2,5,SN
5212,5,15,PI 533939,860.4,5,SN
5213,6,15,BTx623,649.6,5,SN
5214,7,15,PI 656109,517.4,5,SN
5215,8,15,PI 576333,NA,5,SN
5216,9,15,PI 152651,NA,5,SN
5217,10,15,PI 533985,924,5,SN
5218,11,15,PI 656091,459.8,5,SN
5219,12,15,PI 533996,517.4,5,SN
5220,13,15,PI 534148,196.8,5,SN
5221,14,15,BTx623,759.2,5,SN
5222,2,14,PI 656049,1056.6,5,SN
5223,3,14,PI 533855,649.5,5,SN
5224,4,14,BTx623,NA,5,SN
5225,5,14,PI 656119,162.6,5,SN
5226,6,14,PI 17548,930.6,5,SN
5227,7,14,PI 655977,729.6,5,SN
5228,8,14,PI 534123,NA,5,SN
5229,9,14,PI 576435,NA,5,SN
5230,10,14,PI 595702,546,5,SN
5231,11,14,PI 597960,756.5,5,SN
5232,12,14,PI 533991,674.8,5,SN
5233,13,14,PI 576345,808.8,5,SN
5234,14,14,PI 564165,133.2,5,SN
5235,2,13,PI 656059,849,5,SN
5236,3,13,PI 533948,921.4,5,SN
5237,4,13,PI 656052,534.6,5,SN
5238,5,13,PI 533911,637.5,5,SN
5239,6,13,PI 533913,259.2,5,SN
5240,7,13,PI 655972,826.2,5,SN
5241,8,13,PI 597957,NA,5,SN
5242,9,13,PI 564163,NA,5,SN
5243,10,13,PI 533878,NA,5,SN
5244,11,13,BTx623,868.4,5,SN
5245,12,13,PI 655978,360,5,SN
5246,13,13,PI 534108,690.8,5,SN
5247,14,13,PI 656070,277.2,5,SN
5248,2,12,PI 534097,744,5,SN
5249,3,12,PI 533976,NA,5,SN
5250,4,12,PI 576366,782,5,SN
5251,5,12,PI 655993,365.4,5,SN
5252,6,12,PI 656017,96,5,SN
5253,7,12,PI 533986,1715.8,5,SN
5255,9,12,PI 576393,NA,5,SN
5256,10,12,PI 561072,296.5,5,SN
5257,11,12,PI 534127,191.4,5,SN
5258,12,12,PI 641849,288.3,5,SN
5259,13,12,PI 656069,276.8,5,SN
5260,14,12,PI 533943,236.8,5,SN
5261,2,11,PI 534155,440,5,SN
5262,3,11,PI 533841,426,5,SN
5263,4,11,PI 576337,545.7,5,SN
5264,5,11,PI 576380,NA,5,SN
5265,6,11,PI 656024,445.5,5,SN
5266,7,11,PI 656058,949.2,5,SN
5269,10,11,PI 597973,267.8,5,SN
5270,11,11,PI 656039,862,5,SN
5271,12,11,PI 534133,432.6,5,SN
5272,13,11,PI 595714,736.1,5,SN
5273,14,11,PI 642793,462,5,SN
5274,2,10,PI 656019,614.9,5,SN
5275,3,10,PI 656021,808,5,SN
5277,5,10,PI 533955,404.3,5,SN
5278,6,10,PI 533921,716.4,5,SN
5279,7,10,BTx623,612.8,5,SN
5280,8,10,PI 576425,NA,5,SN
5281,9,10,PI 597949,NA,5,SN
5282,10,10,PI 533856,407.4,5,SN
5283,11,10,PI 533752,712.5,5,SN
5284,12,10,PI 656120,NA,5,SN
5287,2,9,PI 656025,568.7,5,SN
5288,3,9,PI 656005,644.4,5,SN
5289,4,9,PI 656089,316.8,5,SN
5290,5,9,PI 656078,40,5,SN
5291,6,9,PI 534132,385.6,5,SN
5292,7,9,BTx623,724,5,SN
5293,8,9,PI 656099,NA,5,SN
5294,9,9,PI 659753,NA,5,SN
5295,10,9,PI 576394,NA,5,SN
5296,11,9,PI 597961,668.8,5,SN
5297,12,9,PI 655999,64,5,SN
5300,2,8,PI 656108,788.7,5,SN
5302,4,8,PI 642791,543,5,SN
5303,5,8,PI 655973,1106.6,5,SN
5304,6,8,BTx623,431.2,5,SN
5305,7,8,PI 656096,302.4,5,SN
5308,10,8,PI 534063,147.5,5,SN
5309,11,8,PI 597950,62.1,5,SN
5310,12,8,PI 597972,501.8,5,SN
5311,13,8,PI 576401,534,5,SN
5312,14,8,BTx623,478,5,SN
5313,2,7,PI 609456,NA,5,SN
5314,3,7,PI 656004,1001.3,5,SN
5315,4,7,PI 534157,579,5,SN
5316,5,7,BTx623,630,5,SN
5317,6,7,PI 534099,899.6,5,SN
5318,7,7,PI 595741,282.6,5,SN
5319,8,7,PI 656068,NA,5,SN
5320,9,7,PI 656028,NA,5,SN
5321,10,7,PI 564164,633.1,5,SN
5322,11,7,PI 576418,682.2,5,SN
5323,12,7,BTx623,716,5,SN
5324,13,7,PI 656088,NA,5,SN
5325,14,7,PI 656046,572,5,SN
5326,2,6,PI 656014,335,5,SN
5327,3,6,PI 329435,323.1,5,SN
5328,4,6,PI 595699,205.2,5,SN
5329,5,6,PI 534116,429.6,5,SN
5330,6,6,PI 534070,506,5,SN
5331,7,6,PI 329440,753.6,5,SN
5332,8,6,PI 597968,NA,5,SN
5333,9,6,PI 656010,NA,5,SN
5334,10,6,PI 533937,148.4,5,SN
5335,11,6,PI 576385,979,5,SN
5336,12,6,PI 576339,401.8,5,SN
5337,13,6,PI 534137,779.4,5,SN
5338,14,6,PI 656071,905.3,5,SN
5339,2,5,PI 642992,1076.4,5,SN
5340,3,5,PI 656051,1020.6,5,SN
5342,5,5,BTx623,891.1,5,SN
5343,6,5,PI 656006,1045.5,5,SN
5344,7,5,PI 655998,393,5,SN
5345,8,5,PI 533910,NA,5,SN
5346,9,5,PI 533979,NA,5,SN
5347,10,5,PI 533972,1035,5,SN
5348,11,5,PI 534114,686.4,5,SN
5349,12,5,PI 576396,716.8,5,SN
5350,13,5,PI 552861,882,5,SN
5351,14,5,PI 534135,152.1,5,SN
5352,2,4,BTx623,573.3,5,SN
5353,3,4,PI 533863,707.7,5,SN
5354,4,4,PI 656050,342.5,5,SN
5355,5,4,PI 656048,569.8,5,SN
5356,6,4,PI 534101,884.4,5,SN
5357,7,4,PI 595744,822.4,5,SN
5358,8,4,PI 533912,NA,5,SN
5359,9,4,PI 655994,NA,5,SN
5360,10,4,PI 656061,NA,5,SN
5361,11,4,PI 659694,970,5,SN
5362,12,4,PI 629059,1094,5,SN
5363,13,4,BTx623,1011.6,5,SN
5364,14,4,PI 533785,473.1,5,SN
5365,2,3,PI 561073,NA,5,SN
5366,3,3,PI 597965,879.2,5,SN
5367,4,3,PI 534053,745.8,5,SN
5368,5,3,PI 656077,247.2,5,SN
5369,6,3,PI 534112,836,5,SN
5370,7,3,PI 576387,868,5,SN
5371,8,3,PI 656102,NA,5,SN
5372,9,3,BTx623,NA,5,SN
5373,10,3,PI 642998,254.8,5,SN
5374,11,3,PI 533750,551.2,5,SN
5375,12,3,PI 533824,478,5,SN
5376,13,3,PI 576340,NA,5,SN
5377,14,3,BTx623,667.8,5,SN
5381,5,2,PI 561472,963,5,SN
5382,6,2,PI 597964,686,5,SN
5383,7,2,PI 585295,584.1,5,SN
5384,8,2,PI 534054,NA,5,SN
5386,10,2,PI 534021,646.5,5,SN
5387,11,2,PI 656086,506,5,SN
5388,12,2,PI 533919,543.2,5,SN
5389,13,2,BTx623,712.5,5,SN
5390,14,2,PI 534138,NA,5,SN
6001,16,31,BTx623,462.6,6,NN
6002,17,31,BTx623,NA,6,NN
6003,18,31,PI 656110,94.2,6,NN
6008,23,31,PI 656036,NA,6,NN
6009,24,31,PI 533927,69,6,NN
6010,25,31,BTx623,NA,6,NN
6011,26,31,PI 656061,72.6,6,NN
6014,16,30,PI 655976,273,6,NN
6015,17,30,PI 595699,254.4,6,NN
6016,18,30,PI 642793,137.4,6,NN
6017,19,30,PI 533996,NA,6,NN
6018,20,30,PI 656023,280.2,6,NN
6019,21,30,PI 533821,147,6,NN
6021,23,30,PI 656115,NA,6,NN
6022,24,30,PI 656039,NA,6,NN
6023,25,30,BTx623,474,6,NN
6024,26,30,PI 597971,262.2,6,NN
6025,27,30,PI 656053,527.4,6,NN
6026,28,30,PI 656007,NA,6,NN
6027,16,29,PI 656012,117,6,NN
6028,17,29,PI 534163,NA,6,NN
6029,18,29,PI 656081,NA,6,NN
6030,19,29,PI 533956,241.2,6,NN
6031,20,29,PI 656028,90,6,NN
6032,21,29,PI 534047,213.6,6,NN
6033,22,29,PI 656003,NA,6,NN
6034,23,29,PI 576333,NA,6,NN
6035,24,29,BTx623,349.2,6,NN
6036,25,29,PI 656108,209.4,6,NN
6037,26,29,PI 655977,381.6,6,NN
6039,28,29,PI 533913,165.6,6,NN
6040,16,28,PI 655975,NA,6,NN
6041,17,28,PI 534037,97.2,6,NN
6042,18,28,PI 656034,497.4,6,NN
6043,19,28,PI 533962,153,6,NN
6044,20,28,PI 656082,133.8,6,NN
6045,21,28,PI 655996,316.2,6,NN
6046,22,28,PI 656046,NA,6,NN
6047,23,28,PI 533985,NA,6,NN
6048,24,28,PI 656037,462.6,6,NN
6049,25,28,PI 533785,190.8,6,NN
6050,26,28,PI 576394,274.2,6,NN
6051,27,28,PI 533924,85.2,6,NN
6052,28,28,PI 533824,198,6,NN
6053,16,27,PI 655994,111.6,6,NN
6054,17,27,BTx623,231.6,6,NN
6055,18,27,PI 533757,198,6,NN
6056,19,27,BTx623,414,6,NN
6057,20,27,PI 656055,288,6,NN
6058,21,27,PI 656057,NA,6,NN
6059,22,27,PI 533839,NA,6,NN
6060,23,27,PI 561472,NA,6,NN
6061,24,27,BTx623,578.4,6,NN
6062,25,27,PI 597958,114,6,NN
6063,26,27,PI 533912,144.6,6,NN
6064,27,27,PI 595745,97.8,6,NN
6065,28,27,PI 656087,125.4,6,NN
6066,16,26,PI 595702,167.4,6,NN
6067,17,26,BTx623,165.6,6,NN
6068,18,26,PI 576340,217.8,6,NN
6069,19,26,PI 542718,330.6,6,NN
6070,20,26,PI 533852,NA,6,NN
6071,21,26,PI 656000,286.8,6,NN
6073,23,26,PI 534101,413.4,6,NN
6074,24,26,PI 656100,122.4,6,NN
6075,25,26,PI 656030,194.4,6,NN
6076,26,26,PI 655981,7.2,6,NN
6077,27,26,PI 576386,77.4,6,NN
6078,28,26,BTx623,NA,6,NN
6079,16,25,PI 613536,NA,6,NN
6080,17,25,PI 659693,200.4,6,NN
6081,18,25,BTx623,297,6,NN
6082,19,25,PI 641874,132,6,NN
6083,20,25,PI 576348,32.4,6,NN
6084,21,25,PI 655970,199.8,6,NN
6085,22,25,PI 595718,NA,6,NN
6087,24,25,PI 533957,202.8,6,NN
6088,25,25,PI 533980,150.6,6,NN
6089,26,25,PI 656021,279,6,NN
6090,27,25,PI 534009,36,6,NN
6091,28,25,PI 597973,16.8,6,NN
6092,16,24,PI 533842,NA,6,NN
6093,17,24,BTx623,421.2,6,NN
6094,18,24,PI 656068,339.6,6,NN
6095,19,24,PI 533948,140.4,6,NN
6096,20,24,PI 533810,NA,6,NN
6097,21,24,BTx623,354,6,NN
6098,22,24,PI 534132,NA,6,NN
6099,23,24,PI 597946,NA,6,NN
6100,24,24,PI 656011,294.6,6,NN
6101,25,24,PI 576390,105,6,NN
6102,26,24,PI 595744,273.6,6,NN
6103,27,24,PI 576437,123.6,6,NN
6104,28,24,PI 656048,250.2,6,NN
6105,16,23,PI 534157,283.8,6,NN
6106,17,23,PI 642998,93.6,6,NN
6107,18,23,PI 533987,220.2,6,NN
6108,19,23,PI 576332,283.8,6,NN
6109,20,23,PI 656107,403.8,6,NN
6110,21,23,PI 656121,170.4,6,NN
6111,22,23,PI 576396,NA,6,NN
6112,23,23,PI 533954,NA,6,NN
6113,24,23,PI 533903,146.4,6,NN
6114,25,23,PI 548797,400.2,6,NN
6115,26,23,PI 576380,NA,6,NN
6116,27,23,PI 629040,NA,6,NN
6117,28,23,PI 533910,223.8,6,NN
6118,16,22,PI 576399,148.8,6,NN
6119,17,22,BTx623,209.4,6,NN
6120,18,22,PI 597961,198,6,NN
6121,19,22,PI 656075,103.2,6,NN
6122,20,22,PI 534070,130.2,6,NN
6123,21,22,PI 656006,171,6,NN
6124,22,22,PI 595741,NA,6,NN
6125,23,22,PI 656001,NA,6,NN
6126,24,22,PI 533949,183,6,NN
6127,25,22,PI 533800,220.2,6,NN
6128,26,22,PI 576435,NA,6,NN
6129,27,22,PI 534099,263.4,6,NN
6130,28,22,PI 576373,238.8,6,NN
6131,16,21,PI 534139,117.6,6,NN
6132,17,21,PI 656069,NA,6,NN
6133,18,21,PI 656086,NA,6,NN
6134,19,21,PI 534054,179.4,6,NN
6135,20,21,PI 576352,235.8,6,NN
6136,21,21,PI 656032,209.4,6,NN
6137,22,21,PI 656104,NA,6,NN
6138,23,21,PI 656106,NA,6,NN
6139,24,21,PI 656022,294,6,NN
6140,25,21,PI 533940,87.6,6,NN
6141,26,21,BTx623,468.6,6,NN
6144,16,20,PI 534053,326.4,6,NN
6145,17,20,PI 576381,115.8,6,NN
6146,18,20,PI 656016,106.8,6,NN
6147,19,20,PI 609456,NA,6,NN
6148,20,20,PI 533961,NA,6,NN
6149,21,20,PI 656050,346.2,6,NN
6150,22,20,PI 533955,NA,6,NN
6151,23,20,PI 534135,230.4,6,NN
6152,24,20,PI 533998,NA,6,NN
6153,25,20,PI 534116,NA,6,NN
6154,26,20,PI 656080,159.6,6,NN
6155,27,20,PI 533919,NA,6,NN
6156,28,20,BTx623,255,6,NN
6157,16,19,PI 576376,254.4,6,NN
6158,17,19,PI 585295,NA,6,NN
6159,18,19,PI 533901,167.4,6,NN
6160,19,19,PI 659753,33.6,6,NN
6161,20,19,PI 597960,169.8,6,NN
6162,21,19,PI 656035,NA,6,NN
6163,22,19,PI 597949,NA,6,NN
6164,23,19,PI 576393,NA,6,NN
6165,24,19,PI 659691,55.8,6,NN
6166,25,19,PI 656109,162,6,NN
6167,26,19,PI 534123,185.4,6,NN
6168,27,19,PI 534097,133.8,6,NN
6169,28,19,PI 656099,113.4,6,NN
6170,16,18,PI 656094,142.8,6,NN
6171,17,18,PI 607931,177,6,NN
6172,18,18,PI 659695,117,6,NN
6173,19,18,PI 656102,153,6,NN
6174,20,18,BTx623,255,6,NN
6175,21,18,BTx623,230.4,6,NN
6176,22,18,PI 533776,NA,6,NN
6177,23,18,PI 656008,NA,6,NN
6178,24,18,PI 534117,220.2,6,NN
6179,25,18,PI 656029,78,6,NN
6180,26,18,PI 533830,NA,6,NN
6181,27,18,PI 659696,309,6,NN
6182,28,18,PI 656117,NA,6,NN
6183,16,17,PI 534138,NA,6,NN
6184,17,17,PI 533789,198.6,6,NN
6185,18,17,PI 329435,NA,6,NN
6186,19,17,BTx623,190.2,6,NN
6187,20,17,PI 533755,141,6,NN
6188,21,17,PI 533939,NA,6,NN
6190,23,17,PI 656062,NA,6,NN
6191,24,17,PI 656043,NA,6,NN
6192,25,17,PI 655978,312,6,NN
6193,26,17,PI 656004,NA,6,NN
6194,27,17,BTx623,375,6,NN
6195,28,17,PI 656044,348,6,NN
6196,16,16,PI 533938,331.8,6,NN
6197,17,16,PI 533760,139.8,6,NN
6198,18,16,PI 656002,254.4,6,NN
6199,19,16,PI 597967,NA,6,NN
6200,20,16,PI 656114,154.2,6,NN
6201,21,16,PI 656041,257.4,6,NN
6202,22,16,PI 655999,10.2,6,NN
6203,23,16,PI 152651,NA,6,NN
6204,24,16,PI 533761,337.8,6,NN
6205,25,16,PI 595740,127.8,6,NN
6206,26,16,PI 533943,289.2,6,NN
6207,27,16,PI 533807,400.8,6,NN
6208,28,16,PI 629059,158.4,6,NN
6209,16,15,BTx623,252.6,6,NN
6210,17,15,PI 656077,91.8,6,NN
6211,18,15,PI 561073,258,6,NN
6212,19,15,PI 533902,28.8,6,NN
6213,20,15,PI 533833,76.2,6,NN
6216,23,15,BTx623,NA,6,NN
6217,24,15,PI 655971,264.6,6,NN
6218,25,15,PI 597952,189,6,NN
6219,26,15,BTx623,261.6,6,NN
6220,27,15,PI 656091,67.2,6,NN
6221,28,15,PI 534114,169.2,6,NN
6222,16,14,PI 655974,356.4,6,NN
6223,17,14,BTx623,271.2,6,NN
6224,18,14,PI 576364,96.6,6,NN
6225,19,14,PI 656052,313.8,6,NN
6226,20,14,PI 564165,NA,6,NN
6227,21,14,PI 534112,NA,6,NN
6228,22,14,PI 595714,NA,6,NN
6229,23,14,BTx623,NA,6,NN
6230,24,14,PI 655997,217.8,6,NN
6231,25,14,PI 533937,231.6,6,NN
6232,26,14,PI 595739,411,6,NN
6233,27,14,PI 597972,NA,6,NN
6234,28,14,PI 565121,128.4,6,NN
6235,16,13,BTx623,311.4,6,NN
6236,17,13,BTx623,162.6,6,NN
6238,19,13,PI 656089,90.6,6,NN
6239,20,13,PI 656097,50.4,6,NN
6240,21,13,PI 576401,259.8,6,NN
6241,22,13,PI 533845,NA,6,NN
6242,23,13,PI 595743,NA,6,NN
6243,24,13,PI 534128,22.8,6,NN
6244,25,13,PI 576385,295.2,6,NN
6245,26,13,PI 533970,NA,6,NN
6246,27,13,PI 656009,119.4,6,NN
6247,28,13,PI 533752,472.2,6,NN
6248,16,12,PI 533965,104.4,6,NN
6249,17,12,PI 597945,NA,6,NN
6250,18,12,PI 534115,302.4,6,NN
6251,19,12,PI 656120,NA,6,NN
6252,20,12,PI 656118,141,6,NN
6253,21,12,PI 576422,NA,6,NN
6254,22,12,PI 533911,NA,6,NN
6255,23,12,BTx623,NA,6,NN
6256,24,12,PI 656085,155.4,6,NN
6257,25,12,PI 533936,77.4,6,NN
6258,26,12,PI 533814,247.8,6,NN
6259,27,12,PI 576337,30,6,NN
6260,28,12,PI 656049,253.2,6,NN
6261,16,11,PI 534148,81.6,6,NN
6262,17,11,PI 533863,231,6,NN
6263,18,11,PI 534021,65.4,6,NN
6264,19,11,PI 533759,213.6,6,NN
6265,20,11,PI 534063,34.2,6,NN
6266,21,11,PI 533915,100.2,6,NN
6268,23,11,PI 534108,273,6,NN
6269,24,11,PI 656017,NA,6,NN
6270,25,11,BTx623,371.4,6,NN
6271,26,11,BTx623,308.4,6,NN
6272,27,11,PI 576418,171,6,NN
6273,28,11,PI 656020,154.8,6,NN
6274,16,10,PI 534124,NA,6,NN
6276,18,10,PI 576345,354,6,NN
6277,19,10,PI 17548,70.2,6,NN
6278,20,10,PI 597950,104.4,6,NN
6279,21,10,BTx623,266.4,6,NN
6280,22,10,PI 656018,NA,6,NN
6281,23,10,BTx623,NA,6,NN
6282,24,10,PI 656088,402.6,6,NN
6283,25,10,PI 642791,411,6,NN
6285,27,10,PI 642992,NA,6,NN
6286,28,10,PI 595720,139.2,6,NN
6287,16,9,PI 533976,280.2,6,NN
6288,17,9,PI 534133,58.2,6,NN
6289,18,9,BTx623,283.8,6,NN
6290,19,9,PI 533869,142.8,6,NN
6291,20,9,PI 533754,68.4,6,NN
6292,21,9,PI 655979,381.6,6,NN
6293,22,9,PI 533838,NA,6,NN
6294,23,9,PI 534096,NA,6,NN
6295,24,9,PI 656014,67.8,6,NN
6296,25,9,PI 534105,122.4,6,NN
6297,26,9,PI 542406,11.4,6,NN
6298,27,9,PI 534145,74.4,6,NN
6299,28,9,PI 656056,93.6,6,NN
6300,16,8,PI 276837,281.4,6,NN
6301,17,8,PI 533979,295.8,6,NN
6302,18,8,PI 576428,159,6,NN
6303,19,8,PI 533997,207.6,6,NN
6304,20,8,PI 656079,146.4,6,NN
6305,21,8,PI 561072,NA,6,NN
6306,22,8,PI 656111,NA,6,NN
6307,23,8,PI 576387,NA,6,NN
6308,24,8,PI 655998,279.6,6,NN
6309,25,8,PI 597965,274.2,6,NN
6310,26,8,PI 597976,199.8,6,NN
6311,27,8,PI 597957,189.6,6,NN
6312,28,8,BTx623,393,6,NN
6313,16,7,PI 533769,154.8,6,NN
6314,17,7,PI 564164,187.2,6,NN
6315,18,7,PI 656051,241.2,6,NN
6316,19,7,PI 533841,261,6,NN
6317,20,7,PI 601816,NA,6,NN
6318,21,7,PI 656013,311.4,6,NN
6319,22,7,PI 656095,NA,6,NN
6320,23,7,PI 534137,NA,6,NN
6321,24,7,PI 533750,153,6,NN
6322,25,7,PI 656092,82.8,6,NN
6323,26,7,PI 34911,NA,6,NN
6324,27,7,PI 533766,196.8,6,NN
6325,28,7,PI 534127,NA,6,NN
6326,16,6,BTx623,360.6,6,NN
6327,17,6,PI 656058,147,6,NN
6328,18,6,PI 656071,467.4,6,NN
6329,19,6,PI 656005,384.6,6,NN
6330,20,6,PI 659694,151.8,6,NN
6331,21,6,PI 534155,129.6,6,NN
6332,22,6,PI 533855,NA,6,NN
6333,23,6,PI 533876,NA,6,NN
6334,24,6,PI 656059,288,6,NN
6337,27,6,PI 656031,NA,6,NN
6338,28,6,PI 656116,61.8,6,NN
6339,16,5,PI 656024,79.8,6,NN
6340,17,5,PI 597951,116.4,6,NN
6341,18,5,BTx623,276,6,NN
6342,19,5,PI 656119,161.4,6,NN
6343,20,5,BTx623,303.6,6,NN
6344,21,5,PI 597980,212.4,6,NN
6345,22,5,PI 656026,NA,6,NN
6346,23,5,BTx623,NA,6,NN
6347,24,5,BTx623,417,6,NN
6349,26,5,PI 533799,68.4,6,NN
6350,27,5,PI 533866,207,6,NN
6351,28,5,PI 533758,123.6,6,NN
6352,16,4,PI 656105,219.6,6,NN
6353,17,4,PI 533991,126,6,NN
6354,18,4,PI 656010,143.4,6,NN
6355,19,4,PI 656072,NA,6,NN
6356,20,4,PI 329440,246,6,NN
6357,21,4,PI 656025,162.6,6,NN
6358,22,4,PI 656060,NA,6,NN
6359,23,4,PI 533989,NA,6,NN
6360,24,4,PI 655995,43.8,6,NN
6361,25,4,PI 576366,153.6,6,NN
6362,26,4,PI 576130,105.6,6,NN
6364,28,4,PI 655993,270,6,NN
6365,16,3,PI 656076,120.6,6,NN
6366,17,3,PI 576375,309,6,NN
6367,18,3,PI 552861,233.8,6,NN
6368,19,3,PI 533921,NA,6,NN
6369,20,3,PI 533964,NA,6,NN
6370,21,3,PI 533856,148.4,6,NN
6371,22,3,PI 576426,NA,6,NN
6372,23,3,PI 656090,NA,6,NN
6373,24,3,PI 576339,142.8,6,NN
6374,25,3,PI 656070,128.8,6,NN
6375,26,3,PI 656074,70.7,6,NN
6376,27,3,PI 656096,19.6,6,NN
6377,28,3,PI 597982,399.7,6,NN
6381,19,2,PI 656042,NA,6,NN
6382,20,2,BTx623,285.6,6,NN
6383,21,2,PI 597964,435.4,6,NN
6384,22,2,PI 533986,NA,6,NN
6389,27,2,PI 533972,264.6,6,NN
6390,28,2,PI 533794,338.1,6,NN
7001,30,31,PI 542718,342.3,7,SN
7002,31,31,PI 656020,579.5,7,SN
7003,32,31,PI 656011,NA,7,SN
7008,37,31,PI 656027,257.4,7,SN
7009,38,31,PI 533821,211.8,7,SN
7010,39,31,PI 48770,NA,7,SN
7011,40,31,BTx623,830.4,7,SN
7014,30,30,PI 656044,558.5,7,SN
7015,31,30,PI 656075,645,7,SN
7016,32,30,BTx623,1076.4,7,SN
7017,33,30,PI 656117,NA,7,SN
7018,34,30,PI 542406,181.5,7,SN
7019,35,30,PI 533962,832.8,7,SN
7020,36,30,PI 534124,519.2,7,SN
7021,37,30,PI 655979,NA,7,SN
7022,38,30,PI 533980,484.4,7,SN
7023,39,30,PI 656100,NA,7,SN
7024,40,30,PI 656081,NA,7,SN
7025,41,30,PI 597976,983.4,7,SN
7026,42,30,PI 656057,NA,7,SN
7027,30,29,PI 655975,447,7,SN
7028,31,29,PI 655981,1929.6,7,SN
7029,32,29,PI 533924,NA,7,SN
7030,33,29,PI 656079,580,7,SN
7031,34,29,PI 534115,762,7,SN
7032,35,29,BTx623,375.2,7,SN
7033,36,29,PI 656055,741.3,7,SN
7034,37,29,PI 533755,340.5,7,SN
7035,38,29,PI 597980,1108.8,7,SN
7036,39,29,PI 656029,431.2,7,SN
7037,40,29,PI 533766,338.2,7,SN
7038,41,29,PI 656072,921,7,SN
7039,42,29,BTx623,536,7,SN
7040,30,28,BTx623,728,7,SN
7041,31,28,BTx623,828.8,7,SN
7042,32,28,PI 576386,NA,7,SN
7043,33,28,PI 656009,575.9,7,SN
7045,35,28,PI 655970,NA,7,SN
7046,36,28,PI 656121,834.4,7,SN
7047,37,28,PI 655976,392.4,7,SN
7048,38,28,PI 576422,807.3,7,SN
7049,39,28,PI 576347,NA,7,SN
7050,40,28,PI 533789,1729,7,SN
7051,41,28,PI 595739,633.1,7,SN
7052,42,28,PI 533769,761.3,7,SN
7053,30,27,PI 651496,NA,7,SN
7055,32,27,PI 533970,1100,7,SN
7056,33,27,PI 534117,110.5,7,SN
7057,34,27,PI 276837,528,7,SN
7058,35,27,PI 595718,538.2,7,SN
7059,36,27,BTx623,583.8,7,SN
7060,37,27,PI 576376,495,7,SN
7061,38,27,PI 656043,906.4,7,SN
7062,39,27,BTx623,NA,7,SN
7063,40,27,PI 533956,1322.6,7,SN
7064,41,27,PI 533800,843.2,7,SN
7065,42,27,PI 656037,804.1,7,SN
7066,30,26,PI 534163,323.2,7,SN
7067,31,26,PI 595720,1063.2,7,SN
7068,32,26,PI 533845,212.4,7,SN
7069,33,26,PI 656095,1123.7,7,SN
7070,34,26,PI 656076,863.6,7,SN
7071,35,26,PI 597951,473,7,SN
7072,36,26,PI 656092,396,7,SN
7073,37,26,PI 655996,720,7,SN
7074,38,26,PI 533927,279.3,7,SN
7075,39,26,PI 656012,1508,7,SN
7076,40,26,PI 656030,414,7,SN
7077,41,26,PI 656016,409.6,7,SN
7078,42,26,PI 656111,1106.7,7,SN
7079,30,25,PI 533997,1160,7,SN
7080,31,25,PI 534144,365.5,7,SN
7081,32,25,PI 659695,480.7,7,SN
7082,33,25,PI 533938,1001,7,SN
7083,34,25,BTx623,704.6,7,SN
7084,35,25,BTx623,422.4,7,SN
7085,36,25,PI 656032,448.8,7,SN
7086,37,25,PI 533957,850,7,SN
7087,38,25,PI 656000,539.2,7,SN
7088,39,25,BTx623,907.2,7,SN
7089,40,25,PI 576349,146.2,7,SN
7090,41,25,PI 656090,915,7,SN
7091,42,25,PI 595745,508.8,7,SN
7092,30,24,PI 533794,727.1,7,SN
7093,31,24,PI 656018,673.2,7,SN
7094,32,24,PI 34911,NA,7,SN
7095,33,24,PI 576437,864,7,SN
7096,34,24,PI 629040,NA,7,SN
7097,35,24,PI 597982,628.8,7,SN
7098,36,24,PI 656022,572.8,7,SN
7099,37,24,PI 656110,456.4,7,SN
7100,38,24,BTx623,479.2,7,SN
7101,39,24,PI 533915,723.2,7,SN
7102,40,24,PI 656114,NA,7,SN
7103,41,24,PI 656104,513.3,7,SN
7104,42,24,PI 656093,363.6,7,SN
7105,30,23,PI 656087,598.4,7,SN
7106,31,23,PI 533759,920,7,SN
7107,32,23,PI 533998,NA,7,SN
7108,33,23,PI 655995,505.3,7,SN
7109,34,23,PI 656060,528,7,SN
7110,35,23,PI 533987,1120.8,7,SN
7111,36,23,PI 601816,671,7,SN
7112,37,23,PI 533838,255.6,7,SN
7113,38,23,PI 534009,202.5,7,SN
7114,39,23,BTx623,421.3,7,SN
7115,40,23,PI 656008,1630.8,7,SN
7116,41,23,PI 656026,730.8,7,SN
7117,42,23,BTx623,448.8,7,SN
7118,30,22,PI 574455,7,7,SN
7119,31,22,PI 595740,580.8,7,SN
7120,32,22,PI 534046,NA,7,SN
7121,33,22,PI 656080,602,7,SN
7122,34,22,PI 576350,NA,7,SN
7123,35,22,PI 533842,502.8,7,SN
7124,36,22,PI 656007,418,7,SN
7125,37,22,PI 533964,561.4,7,SN
7126,38,22,BTx623,982.8,7,SN
7127,39,22,PI 656105,760,7,SN
7128,40,22,PI 656106,725.8,7,SN
7129,41,22,PI 655971,945.3,7,SN
7130,42,22,PI 534104,738,7,SN
7131,30,21,PI 533949,572.4,7,SN
7132,31,21,PI 576348,120,7,SN
7133,32,21,PI 659691,NA,7,SN
7134,33,21,PI 656003,774.8,7,SN
7135,34,21,PI 576130,739.8,7,SN
7136,35,21,PI 533940,241.3,7,SN
7137,36,21,PI 656031,636,7,SN
7138,37,21,PI 656094,613.6,7,SN
7139,38,21,PI 576426,379.4,7,SN
7140,39,21,BTx623,1020,7,SN
7141,40,21,PI 656062,NA,7,SN
7142,41,21,PI 534145,858.4,7,SN
7143,42,21,PI 534047,746,7,SN
7144,30,20,PI 655997,586.6,7,SN
7145,31,20,PI 533776,260.4,7,SN
7146,32,20,PI 656001,821.8,7,SN
7147,33,20,PI 533839,92.4,7,SN
7148,34,20,PI 533903,390.6,7,SN
7149,35,20,BTx623,682,7,SN
7150,36,20,PI 597946,602.6,7,SN
7151,37,20,PI 656042,415.2,7,SN
7152,38,20,PI 656035,782,7,SN
7153,39,20,BTx623,622.8,7,SN
7154,40,20,PI 576332,NA,7,SN
7155,41,20,PI 534037,291.2,7,SN
7156,42,20,PI 597958,390,7,SN
7157,30,19,PI 656097,NA,7,SN
7158,31,19,PI 533758,387,7,SN
7159,32,19,PI 656002,685,7,SN
7160,33,19,BTx623,732.6,7,SN
7161,34,19,PI 533965,1656,7,SN
7162,35,19,PI 656040,711.2,7,SN
7163,36,19,PI 655974,834,7,SN
7164,37,19,PI 576381,NA,7,SN
7165,38,19,PI 576428,173,7,SN
7166,39,19,PI 533799,401.6,7,SN
7167,40,19,PI 656074,532,7,SN
7168,41,19,PI 656013,853.8,7,SN
7169,42,19,PI 533866,349.7,7,SN
7170,30,18,PI 576375,752.4,7,SN
7171,31,18,PI 656107,NA,7,SN
7172,32,18,PI 565121,NA,7,SN
7173,33,18,PI 595743,183.6,7,SN
7174,34,18,PI 659696,1020.3,7,SN
7175,35,18,PI 597967,547,7,SN
7176,36,18,PI 655992,516.1,7,SN
7177,37,18,PI 533761,447.6,7,SN
7178,38,18,PI 548797,5.6,7,SN
7179,39,18,PI 656082,89.1,7,SN
7180,40,18,PI 641874,558.4,7,SN
7182,42,18,PI 597966,790.4,7,SN
7183,30,17,PI 656017,310.5,7,SN
7184,31,17,PI 564165,318.4,7,SN
7185,32,17,PI 656052,957.6,7,SN
7186,33,17,PI 533814,NA,7,SN
7188,35,17,PI 533833,302.5,7,SN
7189,36,17,PI 533989,561.6,7,SN
7190,37,17,PI 576393,336,7,SN
7191,38,17,PI 152651,416,7,SN
7192,39,17,PI 656039,558,7,SN
7193,40,17,PI 533754,277.4,7,SN
7194,41,17,PI 656036,1042.1,7,SN
7195,42,17,PI 656116,269.7,7,SN
7196,30,16,PI 533939,957.5,7,SN
7197,31,16,PI 655978,NA,7,SN
7198,32,16,PI 533869,954.6,7,SN
7199,33,16,PI 576359,NA,7,SN
7200,34,16,BTx623,NA,7,SN
7201,35,16,BTx623,921.5,7,SN
7202,36,16,PI 533757,780.8,7,SN
7203,37,16,BTx623,926.5,7,SN
7204,38,16,PI 597957,334.6,7,SN
7205,39,16,PI 576399,588,7,SN
7206,40,16,PI 656024,536,7,SN
7207,41,16,PI 533967,378,7,SN
7208,42,16,PI 598069,101.5,7,SN
7209,30,15,PI 656069,355.5,7,SN
7210,31,15,PI 595714,NA,7,SN
7211,32,15,BTx623,976.5,7,SN
7212,33,15,PI 533911,NA,7,SN
7213,34,15,PI 533985,1089.9,7,SN
7214,35,15,PI 534133,270.6,7,SN
7215,36,15,PI 533760,438.4,7,SN
7216,37,15,PI 597960,NA,7,SN
7217,38,15,PI 656049,553.6,7,SN
7218,39,15,PI 656059,778.5,7,SN
7219,40,15,PI 533855,725,7,SN
7220,41,15,BTx623,NA,7,SN
7221,42,15,PI 655977,653.4,7,SN
7222,30,14,PI 533986,1150.2,7,SN
7223,31,14,PI 533943,NA,7,SN
7224,32,14,PI 597971,665,7,SN
7225,33,14,PI 561072,NA,7,SN
7226,34,14,PI 576364,528,7,SN
7227,35,14,PI 564163,835.5,7,SN
7228,36,14,PI 533913,212,7,SN
7229,37,14,PI 534127,228,7,SN
7230,38,14,PI 656070,396.2,7,SN
7231,39,14,PI 533991,967.1,7,SN
7232,40,14,PI 533996,661.3,7,SN
7233,41,14,BTx623,758.4,7,SN
7234,42,14,PI 576333,581.9,7,SN
7235,30,13,BTx623,652.5,7,SN
7236,31,13,PI 656058,850.8,7,SN
7237,32,13,BTx623,553.5,7,SN
7238,33,13,PI 533878,NA,7,SN
7239,34,13,PI 576380,630.4,7,SN
7240,35,13,PI 576435,1038,7,SN
7241,36,13,PI 613536,NA,7,SN
7242,37,13,PI 595702,831.6,7,SN
7243,38,13,PI 656109,558.9,7,SN
7244,39,13,PI 597973,340.6,7,SN
7245,40,13,PI 656053,965.2,7,SN
7246,41,13,PI 533948,799.2,7,SN
7247,42,13,PI 656119,300,7,SN
7249,31,12,PI 533961,NA,7,SN
7250,32,12,BTx623,945.6,7,SN
7251,33,12,PI 534108,1103.4,7,SN
7252,34,12,PI 576345,751.8,7,SN
7253,35,12,PI 642793,867.6,7,SN
7254,36,12,PI 534123,396.9,7,SN
7255,37,12,PI 534128,468,7,SN
7256,38,12,BTx623,1039.3,7,SN
7257,39,12,PI 576390,704,7,SN
7258,40,12,PI 533841,992.2,7,SN
7259,41,12,PI 534148,505.6,7,SN
7260,42,12,PI 656034,758.4,7,SN
7261,30,11,PI 534137,1027.8,7,SN
7262,31,11,PI 576425,481.2,7,SN
7263,32,11,PI 656108,319.5,7,SN
7264,33,11,PI 655993,443.7,7,SN
7265,34,11,PI 17548,658,7,SN
7266,35,11,PI 656091,249.6,7,SN
7267,36,11,PI 641849,101.4,7,SN
7268,37,11,PI 656096,429.4,7,SN
7269,38,11,BTx623,456,7,SN
7270,39,11,PI 656046,348,7,SN
7271,40,11,BTx623,1337.7,7,SN
7272,41,11,BTx623,716.4,7,SN
7273,42,11,PI 655972,805.6,7,SN
7274,30,10,PI 656068,616.5,7,SN
7275,31,10,PI 533955,628.5,7,SN
7276,32,10,PI 597968,856.8,7,SN
7277,33,10,PI 656005,761.6,7,SN
7278,34,10,PI 656025,296.8,7,SN
7279,35,10,PI 656099,280.8,7,SN
7280,36,10,PI 533752,597.6,7,SN
7281,37,10,PI 534063,243.2,7,SN
7282,38,10,PI 576339,478.5,7,SN
7283,39,10,PI 656021,636.5,7,SN
7284,40,10,PI 533852,NA,7,SN
7285,41,10,PI 576394,757.4,7,SN
7286,42,10,PI 534116,659.2,7,SN
7287,30,9,PI 533921,694.5,7,SN
7288,31,9,PI 533856,548.4,7,SN
7289,32,9,PI 576366,266.4,7,SN
7290,33,9,PI 656071,787,7,SN
7291,34,9,PI 564164,641.2,7,SN
7292,35,9,PI 576401,356,7,SN
7293,36,9,PI 534139,403.3,7,SN
7294,37,9,PI 659753,233,7,SN
7295,38,9,PI 597972,968.5,7,SN
7296,39,9,PI 656078,NA,7,SN
7297,40,9,PI 595741,678.4,7,SN
7298,41,9,PI 534099,988.2,7,SN
7299,42,9,PI 656120,140.4,7,SN
7300,30,8,PI 656089,484,7,SN
7301,31,8,PI 597949,180.4,7,SN
7302,32,8,PI 656010,660.6,7,SN
7303,33,8,PI 533810,327.6,7,SN
7304,34,8,PI 642791,375.6,7,SN
7305,35,8,PI 656028,1250.1,7,SN
7306,36,8,BTx623,697,7,SN
7307,37,8,PI 655973,NA,7,SN
7308,38,8,PI 576418,736,7,SN
7309,39,8,PI 534070,414,7,SN
7310,40,8,PI 656088,612,7,SN
7311,41,8,PI 597950,190.9,7,SN
7312,42,8,PI 534132,459.8,7,SN
7314,31,7,PI 534101,1222,7,SN
7315,32,7,PI 533830,362.1,7,SN
7316,33,7,PI 533937,315,7,SN
7317,34,7,BTx623,564.4,7,SN
7318,35,7,PI 329440,932.9,7,SN
7319,36,7,PI 576385,669.3,7,SN
7320,37,7,PI 656051,540.8,7,SN
7321,38,7,PI 576396,678.5,7,SN
7322,39,7,BTx623,686.4,7,SN
7323,40,7,PI 597964,752,7,SN
7324,41,7,PI 597961,NA,7,SN
7325,42,7,PI 656019,861,7,SN
7326,30,6,PI 656086,1375.5,7,SN
7327,31,6,PI 534053,575.1,7,SN
7328,32,6,PI 576340,481.8,7,SN
7329,33,6,PI 655999,201.5,7,SN
7330,34,6,PI 534155,296.4,7,SN
7331,35,6,PI 534097,472,7,SN
7332,36,6,BTx623,753.1,7,SN
7333,37,6,PI 534105,319.6,7,SN
7334,38,6,PI 629059,231.6,7,SN
7335,39,6,PI 561472,1003.2,7,SN
7336,40,6,PI 656077,663.6,7,SN
7337,41,6,PI 576337,NA,7,SN
7338,42,6,PI 533976,1188,7,SN
7339,30,5,PI 533919,NA,7,SN
7340,31,5,PI 656085,413.7,7,SN
7341,32,5,BTx623,870.4,7,SN
7342,33,5,PI 597945,NA,7,SN
7343,34,5,PI 552861,772.5,7,SN
7344,35,5,PI 533785,459.2,7,SN
7345,36,5,PI 533902,552,7,SN
7346,37,5,PI 534135,127.2,7,SN
7347,38,5,PI 655994,591.8,7,SN
7348,39,5,PI 533979,800,7,SN
7349,40,5,PI 659693,NA,7,SN
7350,41,5,PI 655998,490.1,7,SN
7351,42,5,BTx623,NA,7,SN
7352,30,4,PI 642992,571.2,7,SN
7353,31,4,PI 561073,NA,7,SN
7354,32,4,PI 656004,678.3,7,SN
7355,33,4,PI 609456,169,7,SN
7356,34,4,PI 656102,NA,7,SN
7357,35,4,PI 534157,613.2,7,SN
7358,36,4,PI 534138,NA,7,SN
7359,37,4,PI 534114,466.4,7,SN
7360,38,4,PI 533824,634.2,7,SN
7361,39,4,BTx623,545.7,7,SN
7362,40,4,PI 656048,648,7,SN
7363,41,4,BTx623,757.8,7,SN
7364,42,4,PI 533863,918,7,SN
7365,30,3,BTx623,758.4,7,SN
7366,31,3,PI 533912,407.1,7,SN
7367,32,3,PI 534021,486,7,SN
7368,33,3,PI 576373,886,7,SN
7369,34,3,PI 642998,191.1,7,SN
7370,35,3,BTx623,685.1,7,SN
7371,36,3,PI 534112,1286.4,7,SN
7372,37,3,PI 533750,123,7,SN
7373,38,3,PI 656050,972.4,7,SN
7374,39,3,PI 533972,721.6,7,SN
7375,40,3,PI 656061,397.6,7,SN
7376,41,3,PI 659694,724.5,7,SN
7377,42,3,PI 597965,697.2,7,SN
7381,33,2,PI 597952,854.7,7,SN
7382,34,2,PI 533910,774.4,7,SN
7383,35,2,PI 656056,558,7,SN
7384,36,2,PI 534054,519.2,7,SN
7389,41,2,PI 595699,NA,7,SN
7390,42,2,PI 656006,955.4,7,SN
8001,44,31,PI 655975,466.9,8,NN
8003,46,31,PI 533924,190.4,8,NN
8008,51,31,PI 656117,574.4,8,NN
8009,52,31,PI 595739,401,8,NN
8010,53,31,PI 656057,NA,8,NN
8011,54,31,PI 655976,800.7,8,NN
8014,44,30,PI 576352,NA,8,NN
8015,45,30,BTx623,1235.2,8,NN
8016,46,30,PI 656081,NA,8,NN
8017,47,30,PI 656121,NA,8,NN
8018,48,30,PI 533962,562.8,8,NN
8019,49,30,PI 656118,242,8,NN
8020,50,30,PI 534115,691.6,8,NN
8021,51,30,PI 597951,336,8,NN
8022,52,30,PI 656079,322.5,8,NN
8024,54,30,PI 656029,187,8,NN
8025,55,30,BTx623,462.8,8,NN
8026,56,30,PI 576422,458,8,NN
8027,44,29,PI 656100,NA,8,NN
8028,45,29,PI 542718,524,8,NN
8029,46,29,PI 656020,428.4,8,NN
8030,47,29,PI 276837,337,8,NN
8031,48,29,PI 533936,278.6,8,NN
8032,49,29,PI 595718,459,8,NN
8033,50,29,PI 655970,469.2,8,NN
8034,51,29,PI 533755,465.8,8,NN
8035,52,29,PI 533766,489.6,8,NN
8036,53,29,PI 656009,445.5,8,NN
8037,54,29,PI 656016,495,8,NN
8038,55,29,BTx623,354.4,8,NN
8039,56,29,PI 655979,225.6,8,NN
8040,44,28,PI 533980,410.2,8,NN
8041,45,28,PI 533901,660.6,8,NN
8042,46,28,PI 597976,596.4,8,NN
8043,47,28,PI 533807,405,8,NN
8045,49,28,PI 534124,420,8,NN
8046,50,28,PI 656075,510,8,NN
8047,51,28,PI 48770,NA,8,NN
8048,52,28,PI 534096,NA,8,NN
8049,53,28,PI 656011,828.8,8,NN
8050,54,28,PI 656037,456,8,NN
8051,55,28,PI 534117,239.4,8,NN
8052,56,28,PI 597980,426,8,NN
8053,44,27,PI 656060,328.8,8,NN
8054,45,27,PI 601816,226,8,NN
8055,46,27,PI 533927,66.3,8,NN
8056,47,27,BTx623,393.6,8,NN
8057,48,27,PI 656055,379.5,8,NN
8058,49,27,PI 576386,231,8,NN
8059,50,27,PI 533769,216.8,8,NN
8060,51,27,BTx623,680,8,NN
8061,52,27,PI 533794,328.8,8,NN
8062,53,27,PI 656031,377.3,8,NN
8063,54,27,PI 656093,220.4,8,NN
8064,55,27,PI 656076,345.6,8,NN
8065,56,27,PI 656072,NA,8,NN
8066,44,26,PI 595720,372.8,8,NN
8067,45,26,PI 534009,109.2,8,NN
8068,46,26,PI 656110,161.6,8,NN
8069,47,26,PI 656111,789.6,8,NN
8070,48,26,PI 655981,79.2,8,NN
8071,49,26,PI 533821,346.8,8,NN
8072,50,26,PI 656095,555.9,8,NN
8073,51,26,PI 534144,680.4,8,NN
8074,52,26,PI 629040,295.1,8,NN
8075,53,26,PI 533998,57.6,8,NN
8076,54,26,PI 533845,655.2,8,NN
8077,55,26,BTx623,423,8,NN
8078,56,26,BTx623,295.2,8,NN
8079,44,25,PI 656030,259.2,8,NN
8080,45,25,PI 533970,530,8,NN
8081,46,25,BTx623,706.4,8,NN
8082,47,25,BTx623,469.2,8,NN
8083,48,25,PI 656087,636,8,NN
8084,49,25,PI 533759,546,8,NN
8085,50,25,PI 533956,443.3,8,NN
8086,51,25,PI 533940,124.1,8,NN
8087,52,25,PI 651496,239.4,8,NN
8088,53,25,PI 656008,NA,8,NN
8089,54,25,PI 534047,469.2,8,NN
8090,55,25,PI 656104,153,8,NN
8091,56,25,PI 656080,321.6,8,NN
8092,44,24,PI 534104,609.6,8,NN
8093,45,24,PI 656114,NA,8,NN
8094,46,24,PI 607931,343.2,8,NN
8095,47,24,PI 656022,558.6,8,NN
8096,48,24,PI 655971,694.4,8,NN
8097,49,24,PI 656000,341,8,NN
8098,50,24,PI 576376,456,8,NN
8099,51,24,PI 576130,143,8,NN
8100,52,24,PI 533987,530.4,8,NN
8101,53,24,PI 576350,32.4,8,NN
8102,54,24,PI 533915,329.4,8,NN
8103,55,24,PI 656032,355.5,8,NN
8104,56,24,PI 534163,193.5,8,NN
8105,44,23,PI 533838,367.4,8,NN
8106,45,23,PI 34911,NA,8,NN
8107,46,23,BTx623,874.5,8,NN
8108,47,23,PI 656012,920.7,8,NN
8109,48,23,PI 597982,849.6,8,NN
8110,49,23,PI 576437,396,8,NN
8111,50,23,PI 533997,648.9,8,NN
8112,51,23,PI 655995,117.6,8,NN
8113,52,23,PI 656043,335.3,8,NN
8114,53,23,PI 659695,152,8,NN
8115,54,23,BTx623,451,8,NN
8116,55,23,PI 655996,228,8,NN
8117,56,23,PI 533938,580.8,8,NN
8118,44,22,PI 574455,156,8,NN
8119,45,22,PI 533776,172.7,8,NN
8120,46,22,PI 576428,177.1,8,NN
8121,47,22,PI 576349,67.2,8,NN
8122,48,22,PI 533842,NA,8,NN
8123,49,22,PI 656090,420.2,8,NN
8124,50,22,BTx623,519,8,NN
8125,51,22,PI 597958,207.9,8,NN
8126,52,22,PI 533989,326,8,NN
8127,53,22,PI 597946,295.2,8,NN
8128,54,22,BTx623,322.7,8,NN
8129,55,22,PI 656018,205.5,8,NN
8130,56,22,PI 656007,197.1,8,NN
8131,44,21,PI 576375,563,8,NN
8132,45,21,PI 576426,119,8,NN
8133,46,21,PI 656062,512,8,NN
8134,47,21,PI 656026,168.3,8,NN
8135,48,21,PI 656003,266.7,8,NN
8136,49,21,PI 533957,282.6,8,NN
8137,50,21,PI 534145,279.3,8,NN
8139,52,21,PI 655992,509.4,8,NN
8140,53,21,PI 656036,236.8,8,NN
8141,54,21,PI 656035,720,8,NN
8142,55,21,BTx623,447.2,8,NN
8143,56,21,PI 595745,255.2,8,NN
8144,44,20,PI 655997,413.1,8,NN
8145,45,20,PI 565121,NA,8,NN
8146,46,20,PI 533964,NA,8,NN
8147,47,20,PI 656042,192,8,NN
8148,48,20,PI 655974,442,8,NN
8149,49,20,BTx623,483,8,NN
8150,50,20,PI 576381,306.8,8,NN
8151,51,20,PI 534046,486.4,8,NN
8152,52,20,PI 597967,NA,8,NN
8153,53,20,PI 548797,264.6,8,NN
8154,54,20,BTx623,535.2,8,NN
8155,55,20,PI 656001,266.4,8,NN
8156,56,20,PI 533954,230,8,NN
8157,44,19,PI 656013,334.8,8,NN
8158,45,19,PI 534037,292.1,8,NN
8159,46,19,BTx623,793.1,8,NN
8160,47,19,PI 533903,265.8,8,NN
8161,48,19,PI 656094,480.6,8,NN
8162,49,19,PI 533965,392,8,NN
8163,50,19,PI 656097,81.5,8,NN
8164,51,19,PI 656116,248.6,8,NN
8165,52,19,PI 656040,427,8,NN
8166,53,19,PI 597966,539,8,NN
8167,54,19,PI 533866,212.4,8,NN
8168,55,19,PI 533814,289.2,8,NN
8169,56,19,PI 533757,626.4,8,NN
8170,44,18,PI 533761,265.5,8,NN
8171,45,18,PI 641874,529.2,8,NN
8173,47,18,BTx623,862,8,NN
8174,48,18,PI 656002,611.1,8,NN
8175,49,18,PI 659691,136,8,NN
8176,50,18,PI 533967,194.4,8,NN
8177,51,18,BTx623,493.5,8,NN
8178,52,18,PI 576332,NA,8,NN
8179,53,18,PI 656074,315,8,NN
8180,54,18,PI 533758,194.6,8,NN
8181,55,18,PI 656106,620,8,NN
8182,56,18,PI 533799,310.2,8,NN
8183,44,17,PI 533760,324,8,NN
8184,45,17,PI 152651,783,8,NN
8185,46,17,PI 533939,667.2,8,NN
8186,47,17,BTx623,744,8,NN
8187,48,17,PI 533949,369.6,8,NN
8188,49,17,PI 533839,79.9,8,NN
8189,50,17,PI 576348,197.2,8,NN
8190,51,17,PI 656119,326.7,8,NN
8191,52,17,PI 533869,585.9,8,NN
8192,53,17,PI 534148,372,8,NN
8193,54,17,PI 534108,780.3,8,NN
8194,55,17,PI 576359,53.9,8,NN
8195,56,17,PI 656082,165.3,8,NN
8196,44,16,PI 656070,497.6,8,NN
8197,45,16,PI 576399,516.6,8,NN
8198,46,16,PI 533855,358.6,8,NN
8199,47,16,PI 533833,319.7,8,NN
8200,48,16,PI 595743,124.6,8,NN
8201,49,16,PI 656107,805.8,8,NN
8202,50,16,PI 595740,291.2,8,NN
8203,51,16,BTx623,656,8,NN
8204,52,16,BTx623,411,8,NN
8205,53,16,PI 534127,187.2,8,NN
8206,54,16,PI 576393,595.4,8,NN
8207,55,16,PI 659696,990,8,NN
8208,56,16,PI 656105,541.5,8,NN
8209,44,15,PI 655972,457.6,8,NN
8210,45,15,PI 597960,NA,8,NN
8211,46,15,PI 533985,469.7,8,NN
8212,47,15,PI 533991,350.1,8,NN
8213,48,15,PI 656034,221.9,8,NN
8214,49,15,BTx623,423,8,NN
8215,50,15,PI 656058,287.1,8,NN
8216,51,15,PI 656052,582,8,NN
8217,52,15,PI 576345,547.5,8,NN
8218,53,15,PI 655978,NA,8,NN
8219,54,15,BTx623,661.3,8,NN
8220,55,15,PI 656109,226.1,8,NN
8221,56,15,PI 533911,141.9,8,NN
8223,45,14,PI 576333,381.6,8,NN
8224,46,14,PI 595702,436.8,8,NN
8225,47,14,PI 656049,108.8,8,NN
8226,48,14,PI 533943,433.5,8,NN
8227,49,14,PI 613536,NA,8,NN
8228,50,14,PI 641849,291.2,8,NN
8229,51,14,PI 533948,455,8,NN
8230,52,14,PI 534133,170,8,NN
8231,53,14,PI 642793,498.4,8,NN
8232,54,14,PI 564165,NA,8,NN
8233,55,14,PI 17548,315,8,NN
8234,56,14,BTx623,495.6,8,NN
8235,44,13,PI 576380,440,8,NN
8236,45,13,PI 656059,341.6,8,NN
8237,46,13,PI 533878,207,8,NN
8238,47,13,PI 597971,407,8,NN
8239,48,13,PI 533754,220,8,NN
8240,49,13,PI 533913,361.2,8,NN
8241,50,13,PI 656069,281.6,8,NN
8242,51,13,PI 656053,603.9,8,NN
8243,52,13,PI 597973,15.4,8,NN
8244,53,13,PI 656039,284,8,NN
8245,54,13,PI 656091,83.2,8,NN
8246,55,13,PI 655977,830,8,NN
8247,56,13,PI 656024,NA,8,NN
8248,44,12,PI 656028,801.9,8,NN
8249,45,12,PI 656010,446.4,8,NN
8250,46,12,PI 533752,642,8,NN
8251,47,12,PI 561072,NA,8,NN
8252,48,12,PI 576364,529.2,8,NN
8253,49,12,PI 533996,759,8,NN
8254,50,12,PI 534123,241.5,8,NN
8255,51,12,PI 534063,221.4,8,NN
8256,52,12,PI 576339,475.2,8,NN
8257,53,12,PI 597972,643.5,8,NN
8258,54,12,PI 576394,NA,8,NN
8259,55,12,PI 655993,819.2,8,NN
8260,56,12,PI 533986,536.8,8,NN
8261,44,11,PI 533961,697.2,8,NN
8262,45,11,PI 564164,462.8,8,NN
8263,46,11,PI 533955,646.1,8,NN
8264,47,11,PI 564163,1186.5,8,NN
8265,48,11,PI 597957,283.4,8,NN
8266,49,11,BTx623,943.5,8,NN
8267,50,11,BTx623,775.6,8,NN
8268,51,11,PI 656019,428.4,8,NN
8269,52,11,PI 656096,252.8,8,NN
8270,53,11,PI 533921,528,8,NN
8271,54,11,BTx623,660,8,NN
8272,55,11,PI 576435,568.1,8,NN
8273,56,11,PI 595714,380.9,8,NN
8274,44,10,PI 656078,177.1,8,NN
8275,45,10,PI 576390,320,8,NN
8276,46,10,BTx623,581.9,8,NN
8277,47,10,PI 576401,69.6,8,NN
8278,48,10,PI 656120,NA,8,NN
8279,49,10,PI 576337,237.6,8,NN
8280,50,10,PI 576385,778,8,NN
8281,51,10,PI 656021,401.4,8,NN
8282,52,10,PI 534139,400.4,8,NN
8283,53,10,PI 597949,45.9,8,NN
8284,54,10,PI 656108,339.3,8,NN
8285,55,10,BTx623,804.1,8,NN
8286,56,10,PI 576366,400.8,8,NN
8287,44,9,PI 533856,491.7,8,NN
8288,45,9,PI 534097,457.6,8,NN
8289,46,9,PI 533976,930.6,8,NN
8290,47,9,PI 534070,341.6,8,NN
8291,48,9,PI 533841,553.2,8,NN
8292,49,9,PI 533852,NA,8,NN
8293,50,9,BTx623,550.4,8,NN
8294,51,9,PI 656099,NA,8,NN
8295,52,9,PI 597950,180.8,8,NN
8296,53,9,PI 659753,NA,8,NN
8297,54,9,BTx623,566.2,8,NN
8298,55,9,PI 656089,310.4,8,NN
8299,56,9,PI 576425,469,8,NN
8300,44,8,PI 534137,414,8,NN
8301,45,8,PI 534132,409.2,8,NN
8302,46,8,PI 597961,673.6,8,NN
8303,47,8,PI 656046,462.7,8,NN
8304,48,8,PI 595741,515,8,NN
8305,49,8,PI 656005,348.6,8,NN
8306,50,8,PI 656068,704.2,8,NN
8308,52,8,BTx623,525,8,NN
8309,53,8,PI 655973,NA,8,NN
8310,54,8,PI 533937,333,8,NN
8311,55,8,PI 655999,15.6,8,NN
8312,56,8,PI 576418,297,8,NN
8313,44,7,PI 533902,18.2,8,NN
8314,45,7,PI 629059,578.5,8,NN
8315,46,7,PI 552861,636,8,NN
8316,47,7,PI 534099,684,8,NN
8317,48,7,PI 656088,514.8,8,NN
8318,49,7,PI 656025,196.2,8,NN
8319,50,7,BTx623,376.5,8,NN
8320,51,7,PI 533863,674.5,8,NN
8321,52,7,PI 534021,213.4,8,NN
8322,53,7,PI 597964,646.8,8,NN
8323,54,7,PI 656077,324,8,NN
8324,55,7,PI 534155,316.5,8,NN
8325,56,7,PI 534128,43.2,8,NN
8326,44,6,PI 656051,167,8,NN
8327,45,6,PI 329435,83.5,8,NN
8328,46,6,PI 533824,322.4,8,NN
8329,47,6,PI 533810,148.8,8,NN
8330,48,6,PI 597968,409.5,8,NN
8331,49,6,PI 642791,385,8,NN
8332,50,6,PI 534116,501.2,8,NN
8333,51,6,PI 576340,353,8,NN
8334,52,6,PI 659693,NA,8,NN
8335,53,6,PI 642998,NA,8,NN
8336,54,6,PI 561073,224,8,NN
8337,55,6,PI 656071,522.5,8,NN
8338,56,6,PI 329440,NA,8,NN
8339,44,5,BTx623,651,8,NN
8340,45,5,PI 655994,329.6,8,NN
8341,46,5,PI 533979,400.9,8,NN
8342,47,5,PI 533919,434.4,8,NN
8343,48,5,BTx623,454.5,8,NN
8344,49,5,PI 656056,123.2,8,NN
8345,50,5,PI 597952,NA,8,NN
8346,51,5,PI 656085,490.1,8,NN
8347,52,5,PI 534054,295.9,8,NN
8348,53,5,BTx623,366,8,NN
8349,54,5,PI 656048,411,8,NN
8350,55,5,BTx623,519,8,NN
8351,56,5,PI 642992,NA,8,NN
8352,44,4,PI 585295,356,8,NN
8353,45,4,PI 656102,810,8,NN
8355,47,4,PI 533910,683.2,8,NN
8356,48,4,BTx623,547.4,8,NN
8357,49,4,PI 659694,324.8,8,NN
8358,50,4,PI 534053,386,8,NN
8359,51,4,PI 656086,490.7,8,NN
8360,52,4,PI 595744,501,8,NN
8361,53,4,PI 656115,59.5,8,NN
8362,54,4,PI 656014,148.5,8,NN
8363,55,4,PI 597965,250.4,8,NN
8364,56,4,PI 656023,358.4,8,NN
8365,44,3,PI 534138,NA,8,NN
8366,45,3,PI 534105,899.6,8,NN
8367,46,3,PI 534114,402,8,NN
8368,47,3,PI 533750,102,8,NN
8369,48,3,PI 561472,423.6,8,NN
8370,49,3,PI 576373,538.5,8,NN
8371,50,3,PI 595699,348,8,NN
8372,51,3,PI 533912,338.8,8,NN
8373,52,3,PI 533972,394.4,8,NN
8374,53,3,PI 656061,NA,8,NN
8375,54,3,PI 534157,300.8,8,NN
8376,55,3,PI 534101,662.4,8,NN
8377,56,3,PI 576396,456,8,NN
8381,47,2,PI 656004,245,8,NN
8382,48,2,BTx623,896.4,8,NN
8383,49,2,PI 656006,96,8,NN
8384,50,2,PI 534135,58.5,8,NN
8389,55,2,PI 576387,486.2,8,NN
8390,56,2,BTx623,NA,8,NN
9636,20,1,PI 655973,478.8,6,NN
9637,21,1,PI 48770,309.4,6,NN
9638,22,1,PI 533878,569.1,6,NN
9644,28,1,PI 576349,631,6,NN
9736,34,1,PI 595744,987.7,7,SN
9737,35,1,PI 656023,804.3,7,SN
9738,36,1,PI 329435,1071,7,SN
9739,37,1,PI 576387,323.4,7,SN
9778,41,32,PI 533936,204,7,SN
9780,39,32,PI 576352,559.3,7,SN
9836,48,1,PI 533830,400.4,8,NN
9837,49,1,PI 656050,671,8,NN
9838,50,1,PI 533785,583.1,8,NN
9843,55,1,PI 534112,714,8,NN
9844,56,1,PI 655998,300,8,NN
9882,51,32,PI 656027,573.3,8,NN
9888,45,32,PI 656041,342.4,8,NN
9889,44,32,PI 656044,132.3,8,NN
