Block_4,Block_5,Block_6,Block_7,Block_8
9432,9532,9632,9732,9832
9433,9533,9633,9733,9833
9434,9534,9634,9734,9834
9435,9535,9635,9735,9835
9436,9536,9636,9736,9836
9437,9537,9637,9737,9837
9438,9538,9638,9738,9838
9439,9539,9639,9739,9839
9440,9540,9640,9740,9840
9441,9541,9641,9741,9841
9442,9542,9642,9742,9842
9443,9543,9643,9743,9843
9444,9544,9644,9744,9844
9489,9589,9689,9789,9889
9488,9588,9688,9788,9888
9487,9587,9687,9787,9887
9486,9586,9686,9786,9886
9485,9585,9685,9785,9885
9484,9584,9684,9784,9884
9483,9583,9683,9783,9883
9482,9582,9682,9782,9882
9481,9581,9681,9781,9881
9480,9580,9680,9780,9880
9479,9579,9679,9779,9879
9478,9578,9678,9778,9878
9477,9577,9677,9777,9877
